model_id,name,author,source_url,license,license_verified,commercial_use,derivatives_allowed,share_alike,local_path,archive_path,source_format,size_mb,mesh_count,vertex_count,triangle_count,material_count,texture_count,texture_resolution,has_armature,armature_count,bone_count,bone_names,has_animations,animation_count,animation_names,content_family,content_type,existing_in_mod,current_mod_id,candidate_quality,runtime_status,notes
3f32efd1bc8148dd9dfd3f1bd9a8afc4,Adult Eidolon Wyrm,GGend,https://sketchfab.com/3d-models/adult-eidolon-wyrm-3f32efd1bc8148dd9dfd3f1bd9a8afc4,CC Attribution,True,COMMERCIAL_OK,True,False,C:\model 3d\_processed\3f32efd1bc8148dd9dfd3f1bd9a8afc4\source,C:\model 3d\Adult Eidolon Wyrm - GGend\modelo.zip,gltf,0.01,1,1632,816,1,0,none,False,0,0,,False,0,,CALAMITY,BOSS,False,,PRIMARY,COMMERCIAL_OK,"Author: GGend, Cat: "
6c54d71cbc0b472689bc4e5c908ec058,Adult Eidolon Wyrm,StlMaster,https://sketchfab.com/3d-models/adult-eidolon-wyrm-6c54d71cbc0b472689bc4e5c908ec058,CC Attribution,True,COMMERCIAL_OK,True,False,C:\model 3d\_processed\6c54d71cbc0b472689bc4e5c908ec058\source,C:\model 3d\Adult Eidolon Wyrm - PatMat\modelo.zip,gltf,24.85,26,1080433,1683772,4,0,none,False,0,0,,False,0,,CALAMITY,BOSS,False,,ALTERNATE,ANALYZED,"Author: StlMaster, Cat: "
5292b466b80449c2a4f50ef49a3ad7c7,Boomstick shotgun from terraria,pedrohmm123,https://sketchfab.com/3d-models/boomstick-shotgun-from-terraria-5292b466b80449c2a4f50ef49a3ad7c7,CC Attribution,True,COMMERCIAL_OK,True,False,C:\model 3d\_processed\5292b466b80449c2a4f50ef49a3ad7c7\source,C:\model 3d\Boomstick\modelo.zip,gltf,0.02,3,1197,956,3,0,none,False,0,0,,False,0,,TERRARIA_VANILLA,WEAPON,True,terraforge_rpg:boomstick,PRIMARY,COMMERCIAL_OK,"Author: pedrohmm123, Cat: "
ba6d1f7a34c8456090b68efc46109396,Completed Codebreaker,GGend,https://sketchfab.com/3d-models/completed-codebreaker-ba6d1f7a34c8456090b68efc46109396,CC Attribution,True,COMMERCIAL_OK,True,False,C:\model 3d\_processed\ba6d1f7a34c8456090b68efc46109396\source,C:\model 3d\Completed Codebreaker\modelo.zip,gltf,0.01,48,1213,612,2,2,512x512;64x64,False,0,0,,False,0,,CALAMITY,CRAFTING_STATION,False,,PRIMARY,COMMERCIAL_OK,"Author: GGend, Cat: "
c6ad26345d084aada6b50b3651b0e597,SketchUp Death Sickle (Terraria),Kuruzeus,https://sketchfab.com/3d-models/sketchup-death-sickle-terraria-c6ad26345d084aada6b50b3651b0e597,CC Attribution,True,COMMERCIAL_OK,True,False,C:\model 3d\_processed\c6ad26345d084aada6b50b3651b0e597\source,C:\model 3d\Death Sickle\modelo.zip,gltf,0.31,27,31483,16146,5,0,none,False,0,0,,False,0,,TERRARIA_VANILLA,WEAPON,True,terraforge_rpg:death_sickle,ALTERNATE,ANALYZED,"Author: Kuruzeus, Cat: "
2aa21c025a1d4fa9bc15bdbbcecc1658,Terraria Death Sickle Voxel,GarbageHuman,https://sketchfab.com/3d-models/terraria-death-sickle-voxel-2aa21c025a1d4fa9bc15bdbbcecc1658,CC Attribution,True,COMMERCIAL_OK,True,False,C:\model 3d\_processed\2aa21c025a1d4fa9bc15bdbbcecc1658\source,C:\model 3d\Death Sickle Voxel\modelo.zip,gltf,0.04,1,9072,5340,1,1,8x8,False,0,0,,False,0,,TERRARIA_VANILLA,WEAPON,True,terraforge_rpg:death_sickle,PRIMARY,COMMERCIAL_OK,"Author: GarbageHuman, Cat: "
97bb02565d824cb4a79c680c96000c3f,Defiled Greatsword - Terraria Calamity fanart,KepSight,https://sketchfab.com/3d-models/defiled-greatsword-terraria-calamity-fanart-97bb02565d824cb4a79c680c96000c3f,CC Attribution,True,COMMERCIAL_OK,True,False,C:\model 3d\_processed\97bb02565d824cb4a79c680c96000c3f\source,C:\model 3d\Defiled Greatsword\modelo.zip,gltf,0.35,1,7570,6844,1,1,1024x1024,False,0,0,,False,0,,CALAMITY,WEAPON,False,,PRIMARY,COMMERCIAL_OK,"Author: KepSight, Cat: "
aa8bdb65cf7244568b25b3e3715f9825,Destroyer parts - terraria,DAR 88,https://sketchfab.com/3d-models/destroyer-parts-terraria-aa8bdb65cf7244568b25b3e3715f9825,CC Attribution,True,COMMERCIAL_OK,True,False,C:\model 3d\_processed\aa8bdb65cf7244568b25b3e3715f9825\source,C:\model 3d\Destroyer Parts\modelo.zip,gltf,0.1,4,7812,13772,4,0,none,False,0,0,,False,0,,TERRARIA_VANILLA,BOSS,True,terraforge_rpg:the_destroyer,PRIMARY,COMMERCIAL_OK,"Author: DAR 88, Cat: "
5b067b3a8c334c7788194f4945cb323c,Devourer of Gods,StlMaster,https://sketchfab.com/3d-models/devourer-of-gods-5b067b3a8c334c7788194f4945cb323c,CC Attribution,True,COMMERCIAL_OK,True,False,C:\model 3d\_processed\5b067b3a8c334c7788194f4945cb323c\source,C:\model 3d\Devourer of Gods\modelo.zip,gltf,10.45,26,462368,740110,10,0,none,False,0,0,,False,0,,CALAMITY,BOSS,False,,ALTERNATE,ANALYZED,"Author: StlMaster, Cat: "
a7d1c86518ff4846988976ae1bcd9cbd,Diamond staff from terraria,pedrohmm123,https://sketchfab.com/3d-models/diamond-staff-from-terraria-a7d1c86518ff4846988976ae1bcd9cbd,CC Attribution,True,COMMERCIAL_OK,True,False,C:\model 3d\_processed\a7d1c86518ff4846988976ae1bcd9cbd\source,C:\model 3d\Diamond Staff\modelo.zip,gltf,0.01,3,801,424,3,0,none,False,0,0,,False,0,,TERRARIA_VANILLA,WEAPON,True,terraforge_rpg:diamond_staff,PRIMARY,COMMERCIAL_OK,"Author: pedrohmm123, Cat: "
57b603e0c5f34e1eb9b1db76d05cbc79,Draedon - Terraria calamity 3d model,StlMaster,https://sketchfab.com/3d-models/draedon-terraria-calamity-3d-model-57b603e0c5f34e1eb9b1db76d05cbc79,CC Attribution,True,COMMERCIAL_OK,True,False,C:\model 3d\_processed\57b603e0c5f34e1eb9b1db76d05cbc79\source,C:\model 3d\Draedon\modelo.zip,gltf,3.3,43,147712,240592,7,0,none,False,0,0,,False,0,,CALAMITY,BOSS,False,,PRIMARY,COMMERCIAL_OK,"Author: StlMaster, Cat: "
dc2623cdd55f48829e7a93f19737b1d6,Empress of Light - A realistic terraria model,StlMaster,https://sketchfab.com/3d-models/empress-of-light-a-realistic-terraria-model-dc2623cdd55f48829e7a93f19737b1d6,CC Attribution,True,COMMERCIAL_OK,True,False,C:\model 3d\_processed\dc2623cdd55f48829e7a93f19737b1d6\source,C:\model 3d\Empress of Light\modelo.zip,gltf,16.71,51,695589,1139166,22,0,none,False,0,0,,False,0,,TERRARIA_VANILLA,BOSS,False,,PRIMARY,COMMERCIAL_OK,"Author: StlMaster, Cat: "
54ead41a3029430f8dc01014df9fee51,Exo-Mech Apollo,GGend,https://sketchfab.com/3d-models/exo-mech-apollo-54ead41a3029430f8dc01014df9fee51,CC Attribution,True,COMMERCIAL_OK,True,False,C:\model 3d\_processed\54ead41a3029430f8dc01014df9fee51\source,C:\model 3d\Exo Mech Apollo\modelo.zip,gltf,0.02,70,2460,1200,4,4,128x128;16x16;256x256;64x64,False,0,0,,False,0,,CALAMITY,BOSS,False,,PRIMARY,COMMERCIAL_OK,"Author: GGend, Cat: "
74ba313fd579471b994c32ec7601ed27,Exo-Mech Artemis,GGend,https://sketchfab.com/3d-models/exo-mech-artemis-74ba313fd579471b994c32ec7601ed27,CC Attribution,True,COMMERCIAL_OK,True,False,C:\model 3d\_processed\74ba313fd579471b994c32ec7601ed27\source,C:\model 3d\Exo Mech Artemis\modelo.zip,gltf,0.02,60,2220,1080,3,3,128x128;16x16;256x256,False,0,0,,False,0,,CALAMITY,BOSS,False,,PRIMARY,COMMERCIAL_OK,"Author: GGend, Cat: "
2526baa29e124a48b5d88e6810df7315,Eye of cthulhu terraria fanart,pedrohmm123,https://sketchfab.com/3d-models/eye-of-cthulhu-terraria-fanart-2526baa29e124a48b5d88e6810df7315,CC Attribution,True,COMMERCIAL_OK,True,False,C:\model 3d\_processed\2526baa29e124a48b5d88e6810df7315\source,C:\model 3d\Eye of Cthulhu - pedrohmm123\modelo.zip,gltf,0.1,5,4353,7106,5,0,none,False,0,0,,False,0,,TERRARIA_VANILLA,BOSS,True,terraforge_rpg:eye_of_cthulhu,ALTERNATE,ANALYZED,"Author: pedrohmm123, Cat: "
ddf286114b384050b293cf1a00c77846,Eye of Cthulhu,AhmedMahmoudmetwally100,https://sketchfab.com/3d-models/eye-of-cthulhu-ddf286114b384050b293cf1a00c77846,Free Standard,False,BLOCKED_PLATFORM_LICENSE,False,False,C:\model 3d\_processed\ddf286114b384050b293cf1a00c77846\source,C:\model 3d\Eye of Cthulhu - PREFERIDO\modelo.zip,gltf,1.92,1,61404,120728,1,0,none,False,0,0,,False,0,,TERRARIA_VANILLA,BOSS,True,terraforge_rpg:eye_of_cthulhu,BLOCKED_LICENSE,LICENSE_BLOCKED,"Author: AhmedMahmoudmetwally100, Cat: "
a53f70fa34284699a57af3d161182611,Eye of Cthulhu P2 Rig,NO DONT EAT ME CASEOH (Ferris wheel),https://sketchfab.com/3d-models/eye-of-cthulhu-p2-rig-a53f70fa34284699a57af3d161182611,CC Attribution,True,COMMERCIAL_OK,True,False,C:\model 3d\_processed\a53f70fa34284699a57af3d161182611\source,C:\model 3d\Eye of Cthulhu Phase 2\modelo.zip,gltf,1.45,8,11888,12722,3,6,1024x1024;128x128,True,1,26,_rootJoint;root_00;jaw_upper_01;jaw_upper_end_018;jaw_lower_02;jaw_lower_end_019;tendril_1_0_03;tendril_1_1_04;tendril_1_2_05;tendril_1_2_end_020;tendril_5_0_06;tendril_5_1_07;tendril_5_2_08;tendril_5_2_end_021;tendril_2_0_09;tendril_2_1_010;tendril_2_2_011;tendril_2_2_end_022;tendril_3_0_012;tendril_3_1_013;tendril_3_2_014;tendril_3_2_end_023;tendril_4_0_015;tendril_4_1_016;tendril_4_2_017;tendril_4_2_end_024,True,1,boss_eye_cthulhu_phase2_gmod_teethy_stalk_lod1_skeleton|ref,TERRARIA_VANILLA,BOSS,True,terraforge_rpg:eye_of_cthulhu,PRIMARY,COMMERCIAL_OK,"Author: NO DONT EAT ME CASEOH (Ferris wheel), Cat: "
06664c90cf3e4d24a74a43dc771ae74f,Eye of Cthulhu Rig,NO DONT EAT ME CASEOH (Ferris wheel),https://sketchfab.com/3d-models/eye-of-cthulhu-rig-06664c90cf3e4d24a74a43dc771ae74f,CC Attribution,True,COMMERCIAL_OK,True,False,C:\model 3d\_processed\06664c90cf3e4d24a74a43dc771ae74f\source,C:\model 3d\Eye of Cthulhu Rig\modelo.zip,gltf,1.37,10,7482,9362,5,5,1024x1024;128x128,True,1,24,_rootJoint;root_00;tentacle_outer_01;tentacle_outer_end_017;tendril_1_0_02;tendril_1_1_03;tendril_1_2_04;tendril_1_2_end_018;tendril_5_0_05;tendril_5_1_06;tendril_5_2_07;tendril_5_2_end_019;tendril_2_0_08;tendril_2_1_09;tendril_2_2_010;tendril_2_2_end_020;tendril_3_0_011;tendril_3_1_012;tendril_3_2_013;tendril_3_2_end_021;tendril_4_0_014;tendril_4_1_015;tendril_4_2_016;tendril_4_2_end_022,True,1,boss_eye_cthulhu_gmod_stalk_lod1_skeleton|ref,TERRARIA_VANILLA,BOSS,True,terraforge_rpg:eye_of_cthulhu,PRIMARY,COMMERCIAL_OK,"Author: NO DONT EAT ME CASEOH (Ferris wheel), Cat: "
edd6df55e59f47a587b59b59358bb8d3,Terraria: Vivafo.ai (Face Monster),WendyShadowGaming,https://sketchfab.com/3d-models/terraria-vivafoai-face-monster-edd6df55e59f47a587b59b59358bb8d3,CC Attribution,True,COMMERCIAL_OK,True,False,C:\model 3d\_processed\edd6df55e59f47a587b59b59358bb8d3\source,C:\model 3d\Face Monster\modelo.zip,gltf,1.85,1,16210,29934,1,1,1024x1024,False,0,0,,False,0,,TERRARIA_VANILLA,MOB,False,,PRIMARY,COMMERCIAL_OK,"Author: WendyShadowGaming, Cat: "
8adc50fca677441091075c2ce9771cfa,Terraria - Fetid Baghnakhs (Bagh Naka),Kuruzeus,https://sketchfab.com/3d-models/terraria-fetid-baghnakhs-bagh-naka-8adc50fca677441091075c2ce9771cfa,CC Attribution,True,COMMERCIAL_OK,True,False,C:\model 3d\_processed\8adc50fca677441091075c2ce9771cfa\source,C:\model 3d\Fetid Baghnakhs\modelo.zip,gltf,0.19,15,17134,23270,4,0,none,False,0,0,,False,0,,TERRARIA_VANILLA,ITEM,False,,PRIMARY,COMMERCIAL_OK,"Author: Kuruzeus, Cat: "
8318ff81ecae48ab99ff249de42bddfe,"Jungle Tyrant, Yharim - Calamity Mod",Stekapinko,https://sketchfab.com/3d-models/jungle-tyrant-yharim-calamity-mod-8318ff81ecae48ab99ff249de42bddfe,CC Attribution-NonCommercial,True,BLOCKED_NONCOMMERCIAL,False,False,C:\model 3d\_processed\8318ff81ecae48ab99ff249de42bddfe\source,C:\model 3d\Jungle Tyrant Yharim\modelo.zip,gltf,2.96,364,121920,189940,11,0,none,True,1,55,GLTF_created_0_rootJoint;root_224;Bone.001_26;Bone.002_24;Bone.003_16;Bone.004_10;Bone.005_5;Bone.006_4;Bone.007_192;Bone.008_182;Bone.009_63;Bone.010_52;Bone.011_51;Bone.029_32;Bone.030_31;Bone.031_30;Bone.032_29;Bone.033_28;Bone.034_27;Bone.012_116;Bone.053_109;Bone.013_106;Bone.014_102;Bone.015_96;Bone.022_82;Bone.018_71;Bone.019_67;Bone.020_79;Bone.021_75;Bone.016_92,False,0,,CALAMITY,MOB,False,,BLOCKED_LICENSE,LICENSE_BLOCKED,"Author: Stekapinko, Cat: "
36f21229c93a4f23a7ac9a06c7994aaa,King Slime,SomeGuyUsingBlender,https://sketchfab.com/3d-models/king-slime-36f21229c93a4f23a7ac9a06c7994aaa,CC Attribution,True,COMMERCIAL_OK,True,False,C:\model 3d\_processed\36f21229c93a4f23a7ac9a06c7994aaa\source,C:\model 3d\King Slime\modelo.zip,gltf,2.85,11,91823,107855,11,1,1024x512,False,0,0,,False,0,,TERRARIA_VANILLA,MOB,True,terraforge_rpg:king_slime,ALTERNATE,ANALYZED,"Author: SomeGuyUsingBlender, Cat: "
6c0ed679476541579e441a2043c84c3d,King Slime,Agent 1,https://sketchfab.com/3d-models/king-slime-6c0ed679476541579e441a2043c84c3d,CC Attribution,True,COMMERCIAL_OK,True,False,C:\model 3d\_processed\6c0ed679476541579e441a2043c84c3d\source,C:\model 3d\King Slime Blockbench\modelo.zip,gltf,0.0,5,120,60,1,1,64x32,False,0,0,,False,0,,TERRARIA_VANILLA,MOB,True,terraforge_rpg:king_slime,ALTERNATE,ANALYZED,"Author: Agent 1, Cat: "
85db88c9d8624bc58837058eea85aef5,Last Prism fanart from terraria,pedrohmm123,https://sketchfab.com/3d-models/last-prism-fanart-from-terraria-85db88c9d8624bc58837058eea85aef5,CC Attribution,True,COMMERCIAL_OK,True,False,C:\model 3d\_processed\85db88c9d8624bc58837058eea85aef5\source,C:\model 3d\Last Prism\modelo.zip,gltf,0.14,1,16,6,1,2,1024x512;256x256,False,0,0,,False,0,,TERRARIA_VANILLA,WEAPON,True,terraforge_rpg:last_prism,PRIMARY,COMMERCIAL_OK,"Author: pedrohmm123, Cat: "
99ca1954be934e0d964929640c9560dd,Terraria's Meowmere,Folly,https://sketchfab.com/3d-models/terrarias-meowmere-99ca1954be934e0d964929640c9560dd,CC Attribution-NonCommercial,True,BLOCKED_NONCOMMERCIAL,False,False,C:\model 3d\_processed\99ca1954be934e0d964929640c9560dd\source,C:\model 3d\Meowmere - Folly\modelo.zip,gltf,0.02,3,1556,1954,2,1,16x16,False,0,0,,False,0,,TERRARIA_VANILLA,WEAPON,True,terraforge_rpg:meowmere,BLOCKED_LICENSE,LICENSE_BLOCKED,"Author: Folly, Cat: "
92260a09c67d43d18186acf84fe695e3,Meowmere (Terraria),Kuruzeus,https://sketchfab.com/3d-models/meowmere-terraria-92260a09c67d43d18186acf84fe695e3,CC Attribution,True,COMMERCIAL_OK,True,False,C:\model 3d\_processed\92260a09c67d43d18186acf84fe695e3\source,C:\model 3d\Meowmere - Kuruzeus\modelo.zip,gltf,0.03,8,1890,1176,8,1,256x128,False,0,0,,False,0,,TERRARIA_VANILLA,WEAPON,True,terraforge_rpg:meowmere,ALTERNATE,ANALYZED,"Author: Kuruzeus, Cat: "
b023e871f4054cd5b90fdaeab8846150,Terraria Meowmere,Paz.,https://sketchfab.com/3d-models/terraria-meowmere-b023e871f4054cd5b90fdaeab8846150,CC Attribution,True,COMMERCIAL_OK,True,False,C:\model 3d\_processed\b023e871f4054cd5b90fdaeab8846150\source,C:\model 3d\Meowmere Low Poly\modelo.zip,gltf,0.05,1,636,414,1,1,2048x2048,False,0,0,,False,0,,TERRARIA_VANILLA,WEAPON,True,terraforge_rpg:meowmere,PRIMARY,COMMERCIAL_OK,"Author: Paz., Cat: "
e4074d5a4472496fb7a3bccb33fc7068,Terraria Minishark,SomeGuyUsingBlender,https://sketchfab.com/3d-models/terraria-minishark-e4074d5a4472496fb7a3bccb33fc7068,CC Attribution,True,COMMERCIAL_OK,True,False,C:\model 3d\_processed\e4074d5a4472496fb7a3bccb33fc7068\source,C:\model 3d\Minishark\modelo.zip,gltf,1.39,5,18305,21629,5,2,4096x4096;512x512,False,0,0,,False,0,,TERRARIA_VANILLA,WEAPON,True,terraforge_rpg:minishark,PRIMARY,COMMERCIAL_OK,"Author: SomeGuyUsingBlender, Cat: "
fed71b3bc75e4b69b99414ccd31f8b6d,Sepultcher,GGend,https://sketchfab.com/3d-models/sepultcher-fed71b3bc75e4b69b99414ccd31f8b6d,CC Attribution,True,COMMERCIAL_OK,True,False,C:\model 3d\_processed\fed71b3bc75e4b69b99414ccd31f8b6d\source,C:\model 3d\Sepulcher\modelo.zip,gltf,0.11,649,15576,7788,1,1,512x512,False,0,0,,False,0,,TERRARIA_VANILLA,ITEM,False,,PRIMARY,COMMERCIAL_OK,"Author: GGend, Cat: "
113cc836594445a0b97d887d91b97f9f,Shadowbeam Staff fanart from terraria,pedrohmm123,https://sketchfab.com/3d-models/shadowbeam-staff-fanart-from-terraria-113cc836594445a0b97d887d91b97f9f,CC Attribution,True,COMMERCIAL_OK,True,False,C:\model 3d\_processed\113cc836594445a0b97d887d91b97f9f\source,C:\model 3d\Shadowbeam Staff\modelo.zip,gltf,0.01,3,774,384,3,0,none,False,0,0,,False,0,,TERRARIA_VANILLA,WEAPON,False,,PRIMARY,COMMERCIAL_OK,"Author: pedrohmm123, Cat: "
f96caa25459a49cdbce613ed909fe1df,Terraria - Shadowflame Bow,Kuruzeus,https://sketchfab.com/3d-models/terraria-shadowflame-bow-f96caa25459a49cdbce613ed909fe1df,CC Attribution,True,COMMERCIAL_OK,True,False,C:\model 3d\_processed\f96caa25459a49cdbce613ed909fe1df\source,C:\model 3d\Shadowflame Bow\modelo.zip,gltf,0.3,80,27746,32510,18,0,none,False,0,0,,False,0,,TERRARIA_VANILLA,WEAPON,False,,PRIMARY,COMMERCIAL_OK,"Author: Kuruzeus, Cat: "
cf37bd7ae39744ef8f75be53729a6cac,Sword Star Wrath,davidbud,https://sketchfab.com/3d-models/sword-star-wrath-cf37bd7ae39744ef8f75be53729a6cac,CC Attribution,True,COMMERCIAL_OK,True,False,C:\model 3d\_processed\cf37bd7ae39744ef8f75be53729a6cac\source,C:\model 3d\Star Wrath\modelo.zip,gltf,0.18,1,1032,516,1,1,1024x1024,False,0,0,,False,0,,TERRARIA_VANILLA,WEAPON,True,terraforge_rpg:star_wrath,PRIMARY,COMMERCIAL_OK,"Author: davidbud, Cat: "
6e26636dc93b44d0b6523435cc41d983,Supreme witch Calamitas,StlMaster,https://sketchfab.com/3d-models/supreme-witch-calamitas-6e26636dc93b44d0b6523435cc41d983,CC Attribution,True,COMMERCIAL_OK,True,False,C:\model 3d\_processed\6e26636dc93b44d0b6523435cc41d983\source,C:\model 3d\Supreme Witch Calamitas\modelo.zip,gltf,71.89,154,6012293,4578986,11,0,none,False,0,0,,False,0,,TERRARIA_VANILLA,BOSS,False,,PRIMARY,COMMERCIAL_OK,"Author: StlMaster, Cat: "
42ab167d39814e979981063301b7a2f8,Terra Blade,alvarotakano,https://sketchfab.com/3d-models/terra-blade-42ab167d39814e979981063301b7a2f8,CC Attribution,True,COMMERCIAL_OK,True,False,C:\model 3d\_processed\42ab167d39814e979981063301b7a2f8\source,C:\model 3d\Terra Blade - alvarotakano\modelo.zip,gltf,0.48,5,3476,2078,5,1,1024x1024,False,0,0,,False,0,,TERRARIA_VANILLA,WEAPON,True,terraforge_rpg:terra_blade,ALTERNATE,ANALYZED,"Author: alvarotakano, Cat: "
f485f6f7a47b4139a3175d3ae1de5a42,Terraria - Terrablade,Kuruzeus,https://sketchfab.com/3d-models/terraria-terrablade-f485f6f7a47b4139a3175d3ae1de5a42,CC Attribution,True,COMMERCIAL_OK,True,False,C:\model 3d\_processed\f485f6f7a47b4139a3175d3ae1de5a42\source,C:\model 3d\Terra Blade - Kuruzeus\modelo.zip,gltf,0.05,13,4280,2142,3,0,none,False,0,0,,False,0,,TERRARIA_VANILLA,WEAPON,True,terraforge_rpg:terra_blade,ALTERNATE,ANALYZED,"Author: Kuruzeus, Cat: "
73ae39ae500847caafcc4ce8dacb2b24,Terra Blade  Terraria,NormallyKingRichie,https://sketchfab.com/3d-models/terra-blade-terraria-73ae39ae500847caafcc4ce8dacb2b24,CC Attribution,True,COMMERCIAL_OK,True,False,C:\model 3d\_processed\73ae39ae500847caafcc4ce8dacb2b24\source,C:\model 3d\Terra Blade - NormallyKingRichie\modelo.zip,gltf,9.28,2,84958,140081,1,3,2048x2048,False,0,0,,False,0,,TERRARIA_VANILLA,WEAPON,True,terraforge_rpg:terra_blade,ALTERNATE,ANALYZED,"Author: NormallyKingRichie, Cat: "
03aa9b6eb4134f0db9e1ec6c62c2784b,Terrablade From Terraria In Low Poly,Azgar_,https://sketchfab.com/3d-models/terrablade-from-terraria-in-low-poly-03aa9b6eb4134f0db9e1ec6c62c2784b,CC Attribution,True,COMMERCIAL_OK,True,False,C:\model 3d\_processed\03aa9b6eb4134f0db9e1ec6c62c2784b\source,C:\model 3d\Terra Blade Low Poly - Azgar\modelo.zip,gltf,0.08,10,12192,4454,6,0,none,False,0,0,,False,0,,TERRARIA_VANILLA,WEAPON,True,terraforge_rpg:terra_blade,PRIMARY,COMMERCIAL_OK,"Author: Azgar_, Cat: "
2576e274f05f4668bf2b8519d6789348,The Destroyer,GGend,https://sketchfab.com/3d-models/the-destroyer-2576e274f05f4668bf2b8519d6789348,CC Attribution,True,COMMERCIAL_OK,True,False,C:\model 3d\_processed\2576e274f05f4668bf2b8519d6789348\source,C:\model 3d\The Destroyer\modelo.zip,gltf,0.06,741,17784,8892,1,1,512x512,False,0,0,,False,0,,TERRARIA_VANILLA,BOSS,True,terraforge_rpg:the_destroyer,PRIMARY,COMMERCIAL_OK,"Author: GGend, Cat: "
689488638ed7429eab6c8a1e008374b9,The Horseman's Blade,ItzBadBones,https://sketchfab.com/3d-models/the-horsemans-blade-689488638ed7429eab6c8a1e008374b9,CC Attribution,True,COMMERCIAL_OK,True,False,C:\model 3d\_processed\689488638ed7429eab6c8a1e008374b9\source,C:\model 3d\The Horsemans Blade\modelo.zip,gltf,0.11,1,16514,13644,1,1,64x64,False,0,0,,False,0,,TERRARIA_VANILLA,WEAPON,False,,PRIMARY,COMMERCIAL_OK,"Author: ItzBadBones, Cat: "
90068304ebae4f4abd825acbca9ef468,WallOfFlesh,Clarmada,https://sketchfab.com/3d-models/wallofflesh-90068304ebae4f4abd825acbca9ef468,CC Attribution,True,COMMERCIAL_OK,True,False,C:\model 3d\_processed\90068304ebae4f4abd825acbca9ef468\source,C:\model 3d\Wall of Flesh\modelo.zip,gltf,0.42,9,24243,9375,9,2,128x128;512x256,False,0,0,,False,0,,TERRARIA_VANILLA,ITEM,False,,PRIMARY,COMMERCIAL_OK,"Author: Clarmada, Cat: "
9c938a10fee54b6d9d26c8e4bc5fa9aa,Terraria Workbench,owengardener2001,https://sketchfab.com/3d-models/terraria-workbench-9c938a10fee54b6d9d26c8e4bc5fa9aa,CC Attribution,True,COMMERCIAL_OK,True,False,C:\model 3d\_processed\9c938a10fee54b6d9d26c8e4bc5fa9aa\source,C:\model 3d\Workbench\modelo.zip,gltf,0.02,2,184,92,2,1,4096x4096,False,0,0,,False,0,,TERRARIA_VANILLA,CRAFTING_STATION,True,terraforge_rpg:work_bench,PRIMARY,COMMERCIAL_OK,"Author: owengardener2001, Cat: "
68956628e4ec4e178110d928c6ef09b1,xenopopper terraria,RARYA,https://sketchfab.com/3d-models/xenopopper-terraria-68956628e4ec4e178110d928c6ef09b1,CC Attribution,True,COMMERCIAL_OK,True,False,C:\model 3d\_processed\68956628e4ec4e178110d928c6ef09b1\source,C:\model 3d\Xenopopper\modelo.zip,gltf,27.5,19,17627,23642,7,21,2048x2048,False,0,0,,False,0,,TERRARIA_VANILLA,ITEM,False,,PRIMARY,COMMERCIAL_OK,"Author: RARYA, Cat: "
5819c68d05d34fb1b1cd8e1f3831b762,XF-09 Ares Exo Mech,StlMaster,https://sketchfab.com/3d-models/xf-09-ares-exo-mech-5819c68d05d34fb1b1cd8e1f3831b762,CC Attribution,True,COMMERCIAL_OK,True,False,C:\model 3d\_processed\5819c68d05d34fb1b1cd8e1f3831b762\source,C:\model 3d\XF-09 Ares\modelo.zip,gltf,0.55,125,36426,33523,38,0,none,False,0,0,,False,0,,CALAMITY,BOSS,False,,PRIMARY,COMMERCIAL_OK,"Author: StlMaster, Cat: "
03be8846b6d141719363aaedafbee8ae,Exo mech XM-05 Thanatos,StlMaster,https://sketchfab.com/3d-models/exo-mech-xm-05-thanatos-03be8846b6d141719363aaedafbee8ae,CC Attribution,True,COMMERCIAL_OK,True,False,C:\model 3d\_processed\03be8846b6d141719363aaedafbee8ae\source,C:\model 3d\XM-05 Thanatos\modelo.zip,gltf,4.53,15,263994,257663,7,0,none,False,0,0,,False,0,,CALAMITY,BOSS,False,,PRIMARY,COMMERCIAL_OK,"Author: StlMaster, Cat: "
51d60e38be854f76a26e96e3f8573c1b,"Yharon, Dragon of Rebirth",StlMaster,https://sketchfab.com/3d-models/yharon-dragon-of-rebirth-51d60e38be854f76a26e96e3f8573c1b,CC Attribution,True,COMMERCIAL_OK,True,False,C:\model 3d\_processed\51d60e38be854f76a26e96e3f8573c1b\source,C:\model 3d\Yharon Dragon of Rebirth\modelo.zip,gltf,34.16,40,1369750,2350176,11,0,none,False,0,0,,False,0,,CALAMITY,BOSS,False,,PRIMARY,COMMERCIAL_OK,"Author: StlMaster, Cat: "
69b5b2d7fa014035831dd10cc5838e52,Zenith,Human,https://sketchfab.com/3d-models/zenith-69b5b2d7fa014035831dd10cc5838e52,CC Attribution,True,COMMERCIAL_OK,True,False,C:\model 3d\_processed\69b5b2d7fa014035831dd10cc5838e52\source,C:\model 3d\Zenith\modelo.zip,gltf,0.02,30,4013,2084,30,0,none,False,0,0,,False,0,,TERRARIA_VANILLA,WEAPON,True,terraforge_rpg:zenith,PRIMARY,COMMERCIAL_OK,"Author: Human, Cat: "
2da6091733114b538b9ba6c53d8905d6,"Godkiller, Yharim",StlMaster,https://sketchfab.com/3d-models/godkiller-yharim-2da6091733114b538b9ba6c53d8905d6,CC Attribution,True,COMMERCIAL_OK,True,False,C:\model 3d\_processed\2da6091733114b538b9ba6c53d8905d6\source,"C:\model 3d\_NOVOS_TERRARIA\Acessorios\Godkiller, Yharim [2da60917]\modelo_gltf.zip",gltf,8.49,98,370066,586086,9,0,none,False,0,0,,False,0,,CALAMITY,ITEM,False,,PRIMARY,COMMERCIAL_OK,"Author: StlMaster, Cat: "
7b7d642ec6f04cf0b5f131b9d108fccd,"Ocram, The og final boss of Terraria. (PHASE 2)",CobaltNaginata's 3D models,https://sketchfab.com/3d-models/ocram-the-og-final-boss-of-terraria-phase-2-7b7d642ec6f04cf0b5f131b9d108fccd,CC Attribution,True,COMMERCIAL_OK,True,False,C:\model 3d\_processed\7b7d642ec6f04cf0b5f131b9d108fccd\source,"C:\model 3d\_NOVOS_TERRARIA\Acessorios\Ocram, The og final boss of Terraria. (PHASE 2) [7b7d642e]\modelo_gltf.zip",gltf,0.43,87,80878,146232,87,0,none,False,0,0,,False,0,,TERRARIA_LEGACY,BOSS,False,,PRIMARY,COMMERCIAL_OK,"Author: CobaltNaginata's 3D models, Cat: "
885d494b5320452683318d66c9123615,"Ocram, The original final boss of Terraria.",CobaltNaginata's 3D models,https://sketchfab.com/3d-models/ocram-the-original-final-boss-of-terraria-885d494b5320452683318d66c9123615,CC Attribution,True,COMMERCIAL_OK,True,False,C:\model 3d\_processed\885d494b5320452683318d66c9123615\source,"C:\model 3d\_NOVOS_TERRARIA\Acessorios\Ocram, The original final boss of Terraria [885d494b]\modelo_gltf.zip",gltf,0.44,88,83424,150928,88,0,none,False,0,0,,False,0,,TERRARIA_LEGACY,BOSS,False,,PRIMARY,COMMERCIAL_OK,"Author: CobaltNaginata's 3D models, Cat: "
4555c53894e841abb30333ede3e0336c,Plaguebringer Goliath,maniacmoose777,https://sketchfab.com/3d-models/plaguebringer-goliath-4555c53894e841abb30333ede3e0336c,CC Attribution,True,COMMERCIAL_OK,True,False,C:\model 3d\_processed\4555c53894e841abb30333ede3e0336c\source,C:\model 3d\_NOVOS_TERRARIA\Acessorios\Plaguebringer Goliath [4555c538]\modelo_gltf.zip,gltf,17.87,8,484766,789249,1,1,2048x2048,False,0,0,,False,0,,CALAMITY,ITEM,False,,PRIMARY,COMMERCIAL_OK,"Author: maniacmoose777, Cat: "
4b9c57f9af234d83b25ff253825db06b,Plaugebringer goliath,maniacmoose777,https://sketchfab.com/3d-models/plaugebringer-goliath-4b9c57f9af234d83b25ff253825db06b,CC Attribution,True,COMMERCIAL_OK,True,False,C:\model 3d\_processed\4b9c57f9af234d83b25ff253825db06b\source,C:\model 3d\_NOVOS_TERRARIA\Acessorios\Plaugebringer goliath [4b9c57f9]\modelo_gltf.zip,gltf,25.62,17,1062107,1581744,1,0,none,False,0,0,,False,0,,CALAMITY,ITEM,False,,PRIMARY,COMMERCIAL_OK,"Author: maniacmoose777, Cat: "
a0153a525feb41429b1032cdb0dca4b8,Red Devil (Terraria),WendyShadowGaming,https://sketchfab.com/3d-models/red-devil-terraria-a0153a525feb41429b1032cdb0dca4b8,CC Attribution,True,COMMERCIAL_OK,True,False,C:\model 3d\_processed\a0153a525feb41429b1032cdb0dca4b8\source,C:\model 3d\_NOVOS_TERRARIA\Acessorios\Red Devil (Terraria) [a0153a52]\modelo_gltf.zip,gltf,1.78,1,8432,10000,1,1,2048x2048,False,0,0,,False,0,,TERRARIA_VANILLA,ITEM,False,,PRIMARY,COMMERCIAL_OK,"Author: WendyShadowGaming, Cat: "
b76bd7eb280145b4b1d6781c5be9d66d,Red Devil (Terraria),WendyShadowGaming,https://sketchfab.com/3d-models/red-devil-terraria-b76bd7eb280145b4b1d6781c5be9d66d,CC Attribution,True,COMMERCIAL_OK,True,False,C:\model 3d\_processed\b76bd7eb280145b4b1d6781c5be9d66d\source,C:\model 3d\_NOVOS_TERRARIA\Acessorios\Red Devil (Terraria) [b76bd7eb]\modelo_gltf.zip,gltf,2.13,1,10408,10000,1,1,2048x2048,False,0,0,,False,0,,TERRARIA_VANILLA,ITEM,False,,ALTERNATE,ANALYZED,"Author: WendyShadowGaming, Cat: "
eac5f00f64d04197b900a520f96d70f2,Red Devil (Terraria),WendyShadowGaming,https://sketchfab.com/3d-models/red-devil-terraria-eac5f00f64d04197b900a520f96d70f2,CC Attribution,True,COMMERCIAL_OK,True,False,C:\model 3d\_processed\eac5f00f64d04197b900a520f96d70f2\source,C:\model 3d\_NOVOS_TERRARIA\Acessorios\Red Devil (Terraria) [eac5f00f]\modelo_gltf.zip,gltf,2.46,1,9373,10000,1,1,2048x2048,False,0,0,,False,0,,TERRARIA_VANILLA,ITEM,False,,ALTERNATE,ANALYZED,"Author: WendyShadowGaming, Cat: "
71996aa5eb7541cab143546d018ed99e,"Solar wings, Terrablade, and Death Sickle",AMZ556,https://sketchfab.com/3d-models/solar-wings-terrablade-and-death-sickle-71996aa5eb7541cab143546d018ed99e,CC Attribution,True,COMMERCIAL_OK,True,False,C:\model 3d\_processed\71996aa5eb7541cab143546d018ed99e\source,"C:\model 3d\_NOVOS_TERRARIA\Acessorios\Solar wings, Terrablade, and Death Sickle [71996aa5]\modelo_gltf.zip",gltf,0.03,3,2864,2988,3,4,128x128,False,0,0,,False,0,,TERRARIA_VANILLA,WEAPON,True,terraforge_rpg:terra_blade,PRIMARY,COMMERCIAL_OK,"Author: AMZ556, Cat: "
a97a89e709484fc6a2f7eae1f069759d,The Clentaminator from Terraria,Qbaczi,https://sketchfab.com/3d-models/the-clentaminator-from-terraria-a97a89e709484fc6a2f7eae1f069759d,CC Attribution,True,COMMERCIAL_OK,True,False,C:\model 3d\_processed\a97a89e709484fc6a2f7eae1f069759d\source,C:\model 3d\_NOVOS_TERRARIA\Acessorios\The Clentaminator from Terraria [a97a89e7]\modelo_gltf.zip,gltf,1.98,13,5906,8477,6,5,1024x1024;4096x4096,False,0,0,,False,0,,TERRARIA_VANILLA,ITEM,False,,PRIMARY,COMMERCIAL_OK,"Author: Qbaczi, Cat: "
93efc1b27750481eb01d592efc01fa83,UV& & Textura1_Druida_Tanith Ortiz,Tanituchis,https://sketchfab.com/3d-models/uv-textura1-druida-tanith-ortiz-93efc1b27750481eb01d592efc01fa83,CC Attribution,True,COMMERCIAL_OK,True,False,C:\model 3d\_processed\93efc1b27750481eb01d592efc01fa83\source,C:\model 3d\_NOVOS_TERRARIA\Acessorios\UV& & Textura1_Druida_Tanith Ortiz [93efc1b2]\modelo_gltf.zip,gltf,17.65,41,864638,368956,6,0,none,False,0,0,,False,0,,TERRARIA_VANILLA,ITEM,False,,PRIMARY,COMMERCIAL_OK,"Author: Tanituchis, Cat: "
72555c7765e547b299082af6ffa5a043,Wandering Eye,CreatveName,https://sketchfab.com/3d-models/wandering-eye-72555c7765e547b299082af6ffa5a043,CC Attribution,True,COMMERCIAL_OK,True,False,C:\model 3d\_processed\72555c7765e547b299082af6ffa5a043\source,C:\model 3d\_NOVOS_TERRARIA\Acessorios\Wandering Eye [72555c77]\modelo_gltf.zip,gltf,10.36,7,401807,744528,1,0,none,False,0,0,,False,0,,TERRARIA_VANILLA,ITEM,False,,PRIMARY,COMMERCIAL_OK,"Author: CreatveName, Cat: "
7cfd09d9abb74a3ba8810a2dfb200cac,Yharon,maniacmoose777,https://sketchfab.com/3d-models/yharon-7cfd09d9abb74a3ba8810a2dfb200cac,CC Attribution,True,COMMERCIAL_OK,True,False,C:\model 3d\_processed\7cfd09d9abb74a3ba8810a2dfb200cac\source,C:\model 3d\_NOVOS_TERRARIA\Acessorios\Yharon [7cfd09d9]\modelo_gltf.zip,gltf,38.41,7,447534,720402,1,3,2048x2048,False,0,0,,False,0,,CALAMITY,BOSS,False,,PRIMARY,COMMERCIAL_OK,"Author: maniacmoose777, Cat: "
0fda89bca1d64c4ab30a3281e7c878ed,Exo Mech Thanatos (1:1 scale & textured),GGend,https://sketchfab.com/3d-models/exo-mech-thanatos-11-scale-textured-0fda89bca1d64c4ab30a3281e7c878ed,CC Attribution,True,COMMERCIAL_OK,True,False,C:\model 3d\_processed\0fda89bca1d64c4ab30a3281e7c878ed\source,C:\model 3d\_NOVOS_TERRARIA\Armaduras\Exo Mech Thanatos (1_1 scale & textured) [0fda89bc]\modelo_gltf.zip,gltf,0.62,5180,124320,62160,4,4,128x128,False,0,0,,False,0,,CALAMITY,BOSS,False,,ALTERNATE,ANALYZED,"Author: GGend, Cat: "
df587fc2bb7a4c8587604583412c131a,mask maker,Maddox,https://sketchfab.com/3d-models/mask-maker-df587fc2bb7a4c8587604583412c131a,CC Attribution,True,COMMERCIAL_OK,True,False,C:\model 3d\_processed\df587fc2bb7a4c8587604583412c131a\source,C:\model 3d\_NOVOS_TERRARIA\Armaduras\mask maker [df587fc2]\modelo_gltf.zip,gltf,1.84,1,64931,125372,1,1,512x512,False,0,0,,False,0,,TERRARIA_VANILLA,ITEM,False,,PRIMARY,COMMERCIAL_OK,"Author: Maddox, Cat: "
18c5462dd0e24586bb182fc4248f8e83,"Minishark ""Terraria""",Sultanov Artur,https://sketchfab.com/3d-models/minishark-terraria-18c5462dd0e24586bb182fc4248f8e83,CC Attribution,True,COMMERCIAL_OK,True,False,C:\model 3d\_processed\18c5462dd0e24586bb182fc4248f8e83\source,C:\model 3d\_NOVOS_TERRARIA\Armaduras\Minishark _Terraria_ [18c5462d]\modelo_gltf.zip,gltf,4.26,5,130471,44142,4,5,1024x1024;256x256,False,0,0,,False,0,,TERRARIA_VANILLA,WEAPON,True,terraforge_rpg:minishark,PRIMARY,COMMERCIAL_OK,"Author: Sultanov Artur, Cat: "
dcc54a78585a412dbd5c18fcc8d83d02,CHAINGUN Terraria 3D,LuxturnaAetherna,https://sketchfab.com/3d-models/chaingun-terraria-3d-dcc54a78585a412dbd5c18fcc8d83d02,CC Attribution,True,COMMERCIAL_OK,True,False,C:\model 3d\_processed\dcc54a78585a412dbd5c18fcc8d83d02\source,C:\model 3d\_NOVOS_TERRARIA\Armas\CHAINGUN Terraria 3D [dcc54a78]\modelo_gltf.zip,gltf,0.17,5,5431,9532,5,5,1024x1024,False,0,0,,False,0,,TERRARIA_VANILLA,ITEM,False,,PRIMARY,COMMERCIAL_OK,"Author: LuxturnaAetherna, Cat: "
584abd3b00d1449d93f86ae0509daa31,Death Sickle,Sultanov Artur,https://sketchfab.com/3d-models/death-sickle-584abd3b00d1449d93f86ae0509daa31,CC Attribution,True,COMMERCIAL_OK,True,False,C:\model 3d\_processed\584abd3b00d1449d93f86ae0509daa31\source,C:\model 3d\_NOVOS_TERRARIA\Armas\Death Sickle [584abd3b]\modelo_gltf.zip,gltf,22.48,15,893229,1398708,3,0,none,False,0,0,,False,0,,TERRARIA_VANILLA,WEAPON,True,terraforge_rpg:death_sickle,ALTERNATE,ANALYZED,"Author: Sultanov Artur, Cat: "
c27e6f9ae0a24377aa1ecb657832a592,Death Sickle,Sultanov Artur,https://sketchfab.com/3d-models/death-sickle-c27e6f9ae0a24377aa1ecb657832a592,CC Attribution,True,COMMERCIAL_OK,True,False,C:\model 3d\_processed\c27e6f9ae0a24377aa1ecb657832a592\source,C:\model 3d\_NOVOS_TERRARIA\Armas\Death Sickle [c27e6f9a]\modelo_gltf.zip,gltf,4.8,3,132638,44745,3,11,1024x1024,False,0,0,,False,0,,TERRARIA_VANILLA,WEAPON,True,terraforge_rpg:death_sickle,ALTERNATE,ANALYZED,"Author: Sultanov Artur, Cat: "
b048145dbf3645b78abed258957bc67a,Enchanted sword,N30N_gum,https://sketchfab.com/3d-models/enchanted-sword-b048145dbf3645b78abed258957bc67a,CC Attribution,True,COMMERCIAL_OK,True,False,C:\model 3d\_processed\b048145dbf3645b78abed258957bc67a\source,C:\model 3d\_NOVOS_TERRARIA\Armas\Enchanted sword [b048145d]\modelo_gltf.zip,gltf,0.01,4,342,158,1,1,64x64,False,0,0,,False,0,,TERRARIA_VANILLA,WEAPON,False,,PRIMARY,COMMERCIAL_OK,"Author: N30N_gum, Cat: "
5337631b9b3e4536a85e785819ae7200,Low poly lonely knight in the desert,Estefania_Digital,https://sketchfab.com/3d-models/low-poly-lonely-knight-in-the-desert-5337631b9b3e4536a85e785819ae7200,CC Attribution,True,COMMERCIAL_OK,True,False,C:\model 3d\_processed\5337631b9b3e4536a85e785819ae7200\source,C:\model 3d\_NOVOS_TERRARIA\Armas\Low poly lonely knight in the desert [5337631b]\modelo_gltf.zip,gltf,0.14,17,10714,6348,9,5,1024x512;256x128,False,0,0,,False,0,,TERRARIA_VANILLA,ITEM,False,,PRIMARY,COMMERCIAL_OK,"Author: Estefania_Digital, Cat: "
8ce5a17ca6ad49bc884d4362b7cc83ac,Megashark minecraft model,Reza_artz,https://sketchfab.com/3d-models/megashark-minecraft-model-8ce5a17ca6ad49bc884d4362b7cc83ac,CC Attribution,True,COMMERCIAL_OK,True,False,C:\model 3d\_processed\8ce5a17ca6ad49bc884d4362b7cc83ac\source,C:\model 3d\_NOVOS_TERRARIA\Armas\Megashark minecraft model [8ce5a17c]\modelo_gltf.zip,gltf,0.0,13,312,156,1,1,32x32,False,0,0,,False,0,,CUSTOM_TERRAFORGE,WEAPON,True,terraforge_rpg:megashark,PRIMARY,COMMERCIAL_OK,"Author: Reza_artz, Cat: "
e683db4ddb9945f693d4a2df4fa51bf6,MiniShark Cartoonish,SomeGuyUsingBlender,https://sketchfab.com/3d-models/minishark-cartoonish-e683db4ddb9945f693d4a2df4fa51bf6,CC Attribution,True,COMMERCIAL_OK,True,False,C:\model 3d\_processed\e683db4ddb9945f693d4a2df4fa51bf6\source,C:\model 3d\_NOVOS_TERRARIA\Armas\MiniShark Cartoonish [e683db4d]\modelo_gltf.zip,gltf,0.3,5,14515,16808,5,1,1024x1024,False,0,0,,False,0,,TERRARIA_VANILLA,WEAPON,True,terraforge_rpg:minishark,PRIMARY,COMMERCIAL_OK,"Author: SomeGuyUsingBlender, Cat: "
4bbd90d2015b4b3ebb332c6374aac6e5,Night's Edge from Terraria video game,Artieee,https://sketchfab.com/3d-models/nights-edge-from-terraria-video-game-4bbd90d2015b4b3ebb332c6374aac6e5,CC Attribution,True,COMMERCIAL_OK,True,False,C:\model 3d\_processed\4bbd90d2015b4b3ebb332c6374aac6e5\source,C:\model 3d\_NOVOS_TERRARIA\Armas\Night's Edge from Terraria video game [4bbd90d2]\modelo_gltf.zip,gltf,10.3,1,4826,7950,1,3,2048x2048,False,0,0,,False,0,,TERRARIA_VANILLA,ITEM,True,terraforge_rpg:nights_edge,PRIMARY,COMMERCIAL_OK,"Author: Artieee, Cat: "
44066f816a6a4ca8849301db71ec720c,Night's Edge,Zuzuga,https://sketchfab.com/3d-models/nights-edge-44066f816a6a4ca8849301db71ec720c,CC Attribution,True,COMMERCIAL_OK,True,False,C:\model 3d\_processed\44066f816a6a4ca8849301db71ec720c\source,C:\model 3d\_NOVOS_TERRARIA\Armas\Night's Edge [44066f81]\modelo_gltf.zip,gltf,0.01,39,936,468,1,1,64x64,False,0,0,,False,0,,TERRARIA_VANILLA,ITEM,True,terraforge_rpg:nights_edge,PRIMARY,COMMERCIAL_OK,"Author: Zuzuga, Cat: "
8bfe5e2cbe424b9d83424889fcfb44c2,Nights Edge,Izzy0234,https://sketchfab.com/3d-models/nights-edge-8bfe5e2cbe424b9d83424889fcfb44c2,CC Attribution,True,COMMERCIAL_OK,True,False,C:\model 3d\_processed\8bfe5e2cbe424b9d83424889fcfb44c2\source,C:\model 3d\_NOVOS_TERRARIA\Armas\Nights Edge [8bfe5e2c]\modelo_gltf.zip,gltf,0.14,1,6149,10250,1,0,none,False,0,0,,False,0,,TERRARIA_VANILLA,ITEM,True,terraforge_rpg:nights_edge,ALTERNATE,ANALYZED,"Author: Izzy0234, Cat: "
89d6c4ad8d7b4459b7e1eb3e5f52cefc,SDMG (Terraria),sseneck,https://sketchfab.com/3d-models/sdmg-terraria-89d6c4ad8d7b4459b7e1eb3e5f52cefc,CC Attribution,True,COMMERCIAL_OK,True,False,C:\model 3d\_processed\89d6c4ad8d7b4459b7e1eb3e5f52cefc\source,C:\model 3d\_NOVOS_TERRARIA\Armas\SDMG (Terraria) [89d6c4ad]\modelo_gltf.zip,gltf,0.02,4,713,692,4,0,none,False,0,0,,False,0,,TERRARIA_VANILLA,WEAPON,True,terraforge_rpg:sdmg,PRIMARY,COMMERCIAL_OK,"Author: sseneck, Cat: "
7025b3dc4369403b9bab8fadd9d37933,Starfury fanart terraria,pedrohmm123,https://sketchfab.com/3d-models/starfury-fanart-terraria-7025b3dc4369403b9bab8fadd9d37933,CC Attribution,True,COMMERCIAL_OK,True,False,C:\model 3d\_processed\7025b3dc4369403b9bab8fadd9d37933\source,C:\model 3d\_NOVOS_TERRARIA\Armas\Starfury fanart terraria [7025b3dc]\modelo_gltf.zip,gltf,0.01,3,280,212,3,0,none,False,0,0,,False,0,,TERRARIA_VANILLA,ITEM,True,terraforge_rpg:starfury,PRIMARY,COMMERCIAL_OK,"Author: pedrohmm123, Cat: "
f3834ed1479b4b929baed4e3547a8b38,Sword Meowmere,Plavist,https://sketchfab.com/3d-models/sword-meowmere-f3834ed1479b4b929baed4e3547a8b38,CC Attribution,True,COMMERCIAL_OK,True,False,C:\model 3d\_processed\f3834ed1479b4b929baed4e3547a8b38\source,C:\model 3d\_NOVOS_TERRARIA\Armas\Sword Meowmere [f3834ed1]\modelo_gltf.zip,gltf,0.16,11,15697,8089,11,0,none,False,0,0,,False,0,,TERRARIA_VANILLA,WEAPON,True,terraforge_rpg:meowmere,PRIMARY,COMMERCIAL_OK,"Author: Plavist, Cat: "
1071bfb6f4af4afc9d8d2fd90f3dd896,Terra Blade,toha3673,https://sketchfab.com/3d-models/terra-blade-1071bfb6f4af4afc9d8d2fd90f3dd896,CC Attribution,True,COMMERCIAL_OK,True,False,C:\model 3d\_processed\1071bfb6f4af4afc9d8d2fd90f3dd896\source,C:\model 3d\_NOVOS_TERRARIA\Armas\Terra Blade [1071bfb6]\modelo_gltf.zip,gltf,0.42,3,894,1699,2,4,512x512,False,0,0,,False,0,,TERRARIA_VANILLA,WEAPON,True,terraforge_rpg:terra_blade,ALTERNATE,ANALYZED,"Author: toha3673, Cat: "
45f8a391b23c4e448480a5584905925b,Terra Blade | Terraria,6eitha,https://sketchfab.com/3d-models/terra-blade-terraria-45f8a391b23c4e448480a5584905925b,CC Attribution,True,COMMERCIAL_OK,True,False,C:\model 3d\_processed\45f8a391b23c4e448480a5584905925b\source,C:\model 3d\_NOVOS_TERRARIA\Armas\Terra Blade _ Terraria [45f8a391]\modelo_gltf.zip,gltf,0.03,1,816,408,1,1,4096x4096,False,0,0,,False,0,,TERRARIA_VANILLA,WEAPON,True,terraforge_rpg:terra_blade,PRIMARY,COMMERCIAL_OK,"Author: 6eitha, Cat: "
c4882006efdd4426acb013c68e3b782e,Terrablade fanart from terraria,pedrohmm123,https://sketchfab.com/3d-models/terrablade-fanart-from-terraria-c4882006efdd4426acb013c68e3b782e,CC Attribution,True,COMMERCIAL_OK,True,False,C:\model 3d\_processed\c4882006efdd4426acb013c68e3b782e\source,C:\model 3d\_NOVOS_TERRARIA\Armas\Terrablade fanart from terraria [c4882006]\modelo_gltf.zip,gltf,0.02,3,1391,1514,3,0,none,False,0,0,,False,0,,TERRARIA_VANILLA,WEAPON,True,terraforge_rpg:terra_blade,PRIMARY,COMMERCIAL_OK,"Author: pedrohmm123, Cat: "
a3a5bf2a41e14e5da00612e7bb9a709d,Terrablade,Izzy0234,https://sketchfab.com/3d-models/terrablade-a3a5bf2a41e14e5da00612e7bb9a709d,CC Attribution,True,COMMERCIAL_OK,True,False,C:\model 3d\_processed\a3a5bf2a41e14e5da00612e7bb9a709d\source,C:\model 3d\_NOVOS_TERRARIA\Armas\Terrablade [a3a5bf2a]\modelo_gltf.zip,gltf,0.21,1,10122,16872,1,0,none,False,0,0,,False,0,,TERRARIA_VANILLA,WEAPON,True,terraforge_rpg:terra_blade,ALTERNATE,ANALYZED,"Author: Izzy0234, Cat: "
be197fcdd8684a15aaeebf77c57f0b77,Terrablade,DarienToad,https://sketchfab.com/3d-models/terrablade-be197fcdd8684a15aaeebf77c57f0b77,CC Attribution,True,COMMERCIAL_OK,True,False,C:\model 3d\_processed\be197fcdd8684a15aaeebf77c57f0b77\source,C:\model 3d\_NOVOS_TERRARIA\Armas\Terrablade [be197fcd]\modelo_gltf.zip,gltf,7.7,2,11313,12808,2,4,2048x2048;4096x2048,False,0,0,,False,0,,TERRARIA_VANILLA,WEAPON,True,terraforge_rpg:terra_blade,ALTERNATE,ANALYZED,"Author: DarienToad, Cat: "
e395bfd8055d4c90b7dbcafd32706b88,Terrablade,NAGaming1,https://sketchfab.com/3d-models/terrablade-e395bfd8055d4c90b7dbcafd32706b88,CC Attribution,True,COMMERCIAL_OK,True,False,C:\model 3d\_processed\e395bfd8055d4c90b7dbcafd32706b88\source,C:\model 3d\_NOVOS_TERRARIA\Armas\Terrablade [e395bfd8]\modelo_gltf.zip,gltf,0.29,90,26124,25986,44,0,none,False,0,0,,False,0,,TERRARIA_VANILLA,WEAPON,True,terraforge_rpg:terra_blade,ALTERNATE,ANALYZED,"Author: NAGaming1, Cat: "
e2c8bba1741b49128269f15b72712bc3,Terraria - Cobalt Naginata!,CobaltNaginata's 3D models,https://sketchfab.com/3d-models/terraria-cobalt-naginata-e2c8bba1741b49128269f15b72712bc3,CC Attribution,True,COMMERCIAL_OK,True,False,C:\model 3d\_processed\e2c8bba1741b49128269f15b72712bc3\source,C:\model 3d\_NOVOS_TERRARIA\Armas\Terraria - Cobalt Naginata! [e2c8bba1]\modelo_gltf.zip,gltf,0.12,11,7380,12024,11,0,none,False,0,0,,False,0,,TERRARIA_VANILLA,ITEM,False,,PRIMARY,COMMERCIAL_OK,"Author: CobaltNaginata's 3D models, Cat: "
208ef16e0f5c442eb34440a0c62985b2,Terraria - Vampire Knives,Kuruzeus,https://sketchfab.com/3d-models/terraria-vampire-knives-208ef16e0f5c442eb34440a0c62985b2,CC Attribution,True,COMMERCIAL_OK,True,False,C:\model 3d\_processed\208ef16e0f5c442eb34440a0c62985b2\source,C:\model 3d\_NOVOS_TERRARIA\Armas\Terraria - Vampire Knives [208ef16e]\modelo_gltf.zip,gltf,0.14,49,13596,6162,5,0,none,False,0,0,,False,0,,TERRARIA_VANILLA,ITEM,False,,PRIMARY,COMMERCIAL_OK,"Author: Kuruzeus, Cat: "
9fb2d05c96c64153b0237e6ea7d4704f,Terraria Boomstick 3D,LuxturnaAetherna,https://sketchfab.com/3d-models/terraria-boomstick-3d-9fb2d05c96c64153b0237e6ea7d4704f,CC Attribution,True,COMMERCIAL_OK,True,False,C:\model 3d\_processed\9fb2d05c96c64153b0237e6ea7d4704f\source,C:\model 3d\_NOVOS_TERRARIA\Armas\Terraria Boomstick 3D [9fb2d05c]\modelo_gltf.zip,gltf,0.01,1,918,686,1,1,1024x512,False,0,0,,False,0,,TERRARIA_VANILLA,WEAPON,True,terraforge_rpg:boomstick,PRIMARY,COMMERCIAL_OK,"Author: LuxturnaAetherna, Cat: "
f377a305964b42fe8af591d6eeed2d25,Terraria guy 0.2,bbb979085,https://sketchfab.com/3d-models/terraria-guy-02-f377a305964b42fe8af591d6eeed2d25,CC Attribution,True,COMMERCIAL_OK,True,False,C:\model 3d\_processed\f377a305964b42fe8af591d6eeed2d25\source,C:\model 3d\_NOVOS_TERRARIA\Armas\Terraria guy 0.2 [f377a305]\modelo_gltf.zip,gltf,1.71,9,105558,52940,9,5,1024x1024;256x256,False,0,0,,False,0,,TERRARIA_VANILLA,ITEM,False,,PRIMARY,COMMERCIAL_OK,"Author: bbb979085, Cat: "
1bc8321546874628a5fdb7f4daf67caf,Terraria Phoenix Blaster,tweekenmagicu,https://sketchfab.com/3d-models/terraria-phoenix-blaster-1bc8321546874628a5fdb7f4daf67caf,CC Attribution,True,COMMERCIAL_OK,True,False,C:\model 3d\_processed\1bc8321546874628a5fdb7f4daf67caf\source,C:\model 3d\_NOVOS_TERRARIA\Armas\Terraria Phoenix Blaster [1bc83215]\modelo_gltf.zip,gltf,0.12,1,1143,1241,1,1,512x512,False,0,0,,False,0,,TERRARIA_VANILLA,WEAPON,True,terraforge_rpg:phoenix_blaster,PRIMARY,COMMERCIAL_OK,"Author: tweekenmagicu, Cat: "
e324036d0b824d45956bcb45b13babad,Terraria Quad Barrel Shotgun 3D,LuxturnaAetherna,https://sketchfab.com/3d-models/terraria-quad-barrel-shotgun-3d-e324036d0b824d45956bcb45b13babad,CC Attribution,True,COMMERCIAL_OK,True,False,C:\model 3d\_processed\e324036d0b824d45956bcb45b13babad\source,C:\model 3d\_NOVOS_TERRARIA\Armas\Terraria Quad Barrel Shotgun 3D [e324036d]\modelo_gltf.zip,gltf,0.03,3,2813,1772,3,3,1024x256,False,0,0,,False,0,,TERRARIA_VANILLA,WEAPON,False,,PRIMARY,COMMERCIAL_OK,"Author: LuxturnaAetherna, Cat: "
76057b5e5f164a3abd24120b4ceb0829,Terraria Terra Blade (Voxel-Art),Rubiniuz,https://sketchfab.com/3d-models/terraria-terra-blade-voxel-art-76057b5e5f164a3abd24120b4ceb0829,CC Attribution,True,COMMERCIAL_OK,True,False,C:\model 3d\_processed\76057b5e5f164a3abd24120b4ceb0829\source,C:\model 3d\_NOVOS_TERRARIA\Armas\Terraria Terra Blade (Voxel-Art) [76057b5e]\modelo_gltf.zip,gltf,0.02,1,2371,1484,1,0,none,False,0,0,,False,0,,TERRARIA_VANILLA,WEAPON,True,terraforge_rpg:terra_blade,PRIMARY,COMMERCIAL_OK,"Author: Rubiniuz, Cat: "
2fbbcdab85914cd79b203f9eb131d8b2,Terraria UZI 3D Model,LuxturnaAetherna,https://sketchfab.com/3d-models/terraria-uzi-3d-model-2fbbcdab85914cd79b203f9eb131d8b2,CC Attribution,True,COMMERCIAL_OK,True,False,C:\model 3d\_processed\2fbbcdab85914cd79b203f9eb131d8b2\source,C:\model 3d\_NOVOS_TERRARIA\Armas\Terraria UZI 3D Model [2fbbcdab]\modelo_gltf.zip,gltf,0.02,1,982,588,1,1,512x512,False,0,0,,False,0,,TERRARIA_VANILLA,ITEM,True,terraforge_rpg:uzi,PRIMARY,COMMERCIAL_OK,"Author: LuxturnaAetherna, Cat: "
daf7252b00134f388a988722aad57c00,The True Night's Edge - Terraria,CobaltNaginata's 3D models,https://sketchfab.com/3d-models/the-true-nights-edge-terraria-daf7252b00134f388a988722aad57c00,CC Attribution,True,COMMERCIAL_OK,True,False,C:\model 3d\_processed\daf7252b00134f388a988722aad57c00\source,C:\model 3d\_NOVOS_TERRARIA\Armas\The True Night's Edge - Terraria [daf7252b]\modelo_gltf.zip,gltf,0.03,10,5324,3066,10,0,none,False,0,0,,False,0,,TERRARIA_VANILLA,ITEM,True,terraforge_rpg:nights_edge,PRIMARY,COMMERCIAL_OK,"Author: CobaltNaginata's 3D models, Cat: "
4f788cd39a474d30a643d5057356fea2,True Excalibur,StlMaster,https://sketchfab.com/3d-models/true-excalibur-4f788cd39a474d30a643d5057356fea2,CC Attribution,True,COMMERCIAL_OK,True,False,C:\model 3d\_processed\4f788cd39a474d30a643d5057356fea2\source,C:\model 3d\_NOVOS_TERRARIA\Armas\True Excalibur [4f788cd3]\modelo_gltf.zip,gltf,1.45,26,69220,115804,6,0,none,False,0,0,,False,0,,TERRARIA_VANILLA,WEAPON,True,terraforge_rpg:excalibur,PRIMARY,COMMERCIAL_OK,"Author: StlMaster, Cat: "
e627918af12540248150196f9b308d26,Xs-01 Artemis,maniacmoose777,https://sketchfab.com/3d-models/xs-01-artemis-e627918af12540248150196f9b308d26,CC Attribution,True,COMMERCIAL_OK,True,False,C:\model 3d\_processed\e627918af12540248150196f9b308d26\source,C:\model 3d\_NOVOS_TERRARIA\Armas\Xs-01 Artemis [e627918a]\modelo_gltf.zip,gltf,16.55,11,682084,1068810,1,0,none,False,0,0,,False,0,,CALAMITY,BOSS,False,,PRIMARY,COMMERCIAL_OK,"Author: maniacmoose777, Cat: "
c639425b04e2499e9bdba66b2628375c,"""Starwrath""",lilchubsta7,https://sketchfab.com/3d-models/starwrath-c639425b04e2499e9bdba66b2628375c,CC Attribution,True,COMMERCIAL_OK,True,False,C:\model 3d\_processed\c639425b04e2499e9bdba66b2628375c\source,C:\model 3d\_NOVOS_TERRARIA\Armas\_Starwrath_ [c639425b]\modelo_gltf.zip,gltf,0.46,14,36009,29931,14,0,none,False,0,0,,False,0,,TERRARIA_VANILLA,ITEM,False,,PRIMARY,COMMERCIAL_OK,"Author: lilchubsta7, Cat: "
ff58fcef603e4f5a9042f9159854fc53,"The Entropic God, Noxus",StlMaster,https://sketchfab.com/3d-models/the-entropic-god-noxus-ff58fcef603e4f5a9042f9159854fc53,CC Attribution,True,COMMERCIAL_OK,True,False,C:\model 3d\_processed\ff58fcef603e4f5a9042f9159854fc53\source,"C:\model 3d\_NOVOS_TERRARIA\Baus e Crates\The Entropic God, Noxus [ff58fcef]\modelo_gltf.zip",gltf,64.9,202,3040804,4153872,9,0,none,False,0,0,,False,0,,CALAMITY,BOSS,False,,PRIMARY,COMMERCIAL_OK,"Author: StlMaster, Cat: "
c09985526ed646c69103f9d93322a89b,Crabulon (OLD),Zyleck,https://sketchfab.com/3d-models/crabulon-old-c09985526ed646c69103f9d93322a89b,CC Attribution,True,COMMERCIAL_OK,True,False,C:\model 3d\_processed\c09985526ed646c69103f9d93322a89b\source,C:\model 3d\_NOVOS_TERRARIA\Bosses e Inimigos\Crabulon (OLD) [c0998552]\modelo_gltf.zip,gltf,5.27,29,224814,397512,17,14,1024x1024;256x256,False,0,0,,False,0,,CALAMITY,ITEM,False,,PRIMARY,COMMERCIAL_OK,"Author: Zyleck, Cat: "
e0ccd8fdfa564cb891ef213d61099289,crimslime egg,Maddox,https://sketchfab.com/3d-models/crimslime-egg-e0ccd8fdfa564cb891ef213d61099289,CC Attribution,True,COMMERCIAL_OK,True,False,C:\model 3d\_processed\e0ccd8fdfa564cb891ef213d61099289\source,C:\model 3d\_NOVOS_TERRARIA\Bosses e Inimigos\crimslime egg [e0ccd8fd]\modelo_gltf.zip,gltf,2.91,2,99918,196608,1,0,none,False,0,0,,False,0,,TERRARIA_VANILLA,MOB,False,,PRIMARY,COMMERCIAL_OK,"Author: Maddox, Cat: "
75a71a9c91ac4641834bfc7ffe6288a6,Devourer of gods,maniacmoose777,https://sketchfab.com/3d-models/devourer-of-gods-75a71a9c91ac4641834bfc7ffe6288a6,CC Attribution,True,COMMERCIAL_OK,True,False,C:\model 3d\_processed\75a71a9c91ac4641834bfc7ffe6288a6\source,C:\model 3d\_NOVOS_TERRARIA\Bosses e Inimigos\Devourer of gods [75a71a9c]\modelo_gltf.zip,gltf,59.85,13,793299,1288948,1,3,2048x2048,False,0,0,,False,0,,CALAMITY,BOSS,False,,ALTERNATE,ANALYZED,"Author: maniacmoose777, Cat: "
825d3b5dc56f433ea36e9dab350ad830,Devourer of Gods,ZAK ATTACK Fraymakers,https://sketchfab.com/3d-models/devourer-of-gods-825d3b5dc56f433ea36e9dab350ad830,CC Attribution,True,COMMERCIAL_OK,True,False,C:\model 3d\_processed\825d3b5dc56f433ea36e9dab350ad830\source,C:\model 3d\_NOVOS_TERRARIA\Bosses e Inimigos\Devourer of Gods [825d3b5d]\modelo_gltf.zip,gltf,1.12,1,42378,79992,1,1,512x256,True,1,36,_rootJoint;Body.001_01;Head_02;Mouth.Top_03;Mouth.Top_end_04;Mouth.Top_end_end_032;Mouth.Bottom_05;Mouth.Bottom_end_06;Mouth.Bottom_end_end_033;Body.002_07;Body.003_08;Body.004_09;Body.005_010;Body.006_011;Body.007_012;Body.008_013;Body.009_014;Body.010_015;Body.011_016;Body.012_017;Body.013_018;Body.014_019;Body.015_020;Body.016_021;Body.017_022;Body.018_023;Body.019_024;Body.020_00;Body.021_025;Body.022_026,False,0,,CALAMITY,BOSS,False,,PRIMARY,COMMERCIAL_OK,"Author: ZAK ATTACK Fraymakers, Cat: "
092fa2ee41d64192836228a61bd8659b,Duke Fishron,Damazo26,https://sketchfab.com/3d-models/duke-fishron-092fa2ee41d64192836228a61bd8659b,CC Attribution,True,COMMERCIAL_OK,True,False,C:\model 3d\_processed\092fa2ee41d64192836228a61bd8659b\source,C:\model 3d\_NOVOS_TERRARIA\Bosses e Inimigos\Duke Fishron [092fa2ee]\modelo_gltf.zip,gltf,0.12,1,4699,6529,1,0,none,True,1,47,GLTF_created_0_rootJoint;spine.003_46;spine.002_9;spine.001_8;spine_7;back_fin.T.Bk_3;back_fin.T.001.Bk_2;back_fin.T.002.Bk_1;back_fin.B.Bk_5;back_fin.B.001.Bk_4;spine.009_6;spine.008_41;spine.004_40;spine.005_39;spine.006_18;spine.007_17;jaw.master_16;jaw_11;jaw.001_10;jaw.002.L_13;jaw.003.L_12;jaw.002.R_15;jaw.003.R_14;shoulder.L_21;side_fin.L_20;side_fin.L.001_19;shoulder.R_24;side_fin.R_23;side_fin.R.001_22;shoulder.L.001_31,False,0,,TERRARIA_VANILLA,BOSS,True,terraforge_rpg:duke_fishron,PRIMARY,COMMERCIAL_OK,"Author: Damazo26, Cat: "
570ba18b930d4a8e93569f5c4a6caa02,Exo Mech Thanatos,GGend,https://sketchfab.com/3d-models/exo-mech-thanatos-570ba18b930d4a8e93569f5c4a6caa02,CC Attribution,True,COMMERCIAL_OK,True,False,C:\model 3d\_processed\570ba18b930d4a8e93569f5c4a6caa02\source,C:\model 3d\_NOVOS_TERRARIA\Bosses e Inimigos\Exo Mech Thanatos [570ba18b]\modelo_gltf.zip,gltf,0.04,227,5448,2724,4,4,128x128,False,0,0,,False,0,,CALAMITY,BOSS,False,,PRIMARY,COMMERCIAL_OK,"Author: GGend, Cat: "
70ef37f33b724c78997fe413b1436b5f,eye of cthulhu (terraria),Random E,https://sketchfab.com/3d-models/eye-of-cthulhu-terraria-70ef37f33b724c78997fe413b1436b5f,CC Attribution,True,COMMERCIAL_OK,True,False,C:\model 3d\_processed\70ef37f33b724c78997fe413b1436b5f\source,C:\model 3d\_NOVOS_TERRARIA\Bosses e Inimigos\eye of cthulhu (terraria) [70ef37f3]\modelo_gltf.zip,gltf,0.01,25,600,300,1,1,128x128,False,0,0,,True,1,eye of cthulhu,TERRARIA_VANILLA,BOSS,True,terraforge_rpg:eye_of_cthulhu,PRIMARY,COMMERCIAL_OK,"Author: Random E, Cat: "
b52f961111eb46d7a11341965e66a0c0,Eye Of Cthulhu,Zaza,https://sketchfab.com/3d-models/eye-of-cthulhu-b52f961111eb46d7a11341965e66a0c0,CC Attribution,True,COMMERCIAL_OK,True,False,C:\model 3d\_processed\b52f961111eb46d7a11341965e66a0c0\source,C:\model 3d\_NOVOS_TERRARIA\Bosses e Inimigos\Eye Of Cthulhu [b52f9611]\modelo_gltf.zip,gltf,0.06,5,6866,2499,5,0,none,False,0,0,,False,0,,TERRARIA_VANILLA,BOSS,True,terraforge_rpg:eye_of_cthulhu,ALTERNATE,ANALYZED,"Author: Zaza, Cat: "
6b31f4550b5743e2b7a6d58d0359b6ce,Eyeball,probablymodelmaker,https://sketchfab.com/3d-models/eyeball-6b31f4550b5743e2b7a6d58d0359b6ce,CC Attribution,True,COMMERCIAL_OK,True,False,C:\model 3d\_processed\6b31f4550b5743e2b7a6d58d0359b6ce\source,C:\model 3d\_NOVOS_TERRARIA\Bosses e Inimigos\Eyeball [6b31f455]\modelo_gltf.zip,gltf,3.21,2,129377,199989,1,0,none,False,0,0,,False,0,,TERRARIA_VANILLA,ITEM,False,,PRIMARY,COMMERCIAL_OK,"Author: probablymodelmaker, Cat: "
0f111ddbc888407c964e826e19746e4d,King slime (terraria),Random E,https://sketchfab.com/3d-models/king-slime-terraria-0f111ddbc888407c964e826e19746e4d,CC Attribution,True,COMMERCIAL_OK,True,False,C:\model 3d\_processed\0f111ddbc888407c964e826e19746e4d\source,C:\model 3d\_NOVOS_TERRARIA\Bosses e Inimigos\King slime (terraria) [0f111ddb]\modelo_gltf.zip,gltf,0.0,9,216,108,1,1,128x128,False,0,0,,True,1,king slime,TERRARIA_VANILLA,MOB,True,terraforge_rpg:king_slime,PRIMARY,COMMERCIAL_OK,"Author: Random E, Cat: "
03b658c93e164f78a4a097e5d8c0a9d0,King slime from Terraria,VentusDeiArt,https://sketchfab.com/3d-models/king-slime-from-terraria-03b658c93e164f78a4a097e5d8c0a9d0,CC Attribution,True,COMMERCIAL_OK,True,False,C:\model 3d\_processed\03b658c93e164f78a4a097e5d8c0a9d0\source,C:\model 3d\_NOVOS_TERRARIA\Bosses e Inimigos\King slime from Terraria [03b658c9]\modelo_gltf.zip,gltf,0.57,90,135754,70128,51,6,1024x1024,False,0,0,,False,0,,TERRARIA_VANILLA,MOB,True,terraforge_rpg:king_slime,ALTERNATE,ANALYZED,"Author: VentusDeiArt, Cat: "
336f4b563a544c84bc4bc4b7969f6d4a,king slime,kartofanciktopancik,https://sketchfab.com/3d-models/king-slime-336f4b563a544c84bc4bc4b7969f6d4a,CC Attribution,True,COMMERCIAL_OK,True,False,C:\model 3d\_processed\336f4b563a544c84bc4bc4b7969f6d4a\source,C:\model 3d\_NOVOS_TERRARIA\Bosses e Inimigos\king slime [336f4b56]\modelo_gltf.zip,gltf,41.82,69,4390912,2195456,2,0,none,False,0,0,,False,0,,TERRARIA_VANILLA,MOB,True,terraforge_rpg:king_slime,ALTERNATE,ANALYZED,"Author: kartofanciktopancik, Cat: "
6a61a2a740654c5fbd112de93dbade5a,Ocram Box for Raise A Ocram!,CobaltNaginata's 3D models,https://sketchfab.com/3d-models/ocram-box-for-raise-a-ocram-6a61a2a740654c5fbd112de93dbade5a,CC Attribution,True,COMMERCIAL_OK,True,False,C:\model 3d\_processed\6a61a2a740654c5fbd112de93dbade5a\source,C:\model 3d\_NOVOS_TERRARIA\Bosses e Inimigos\Ocram Box for Raise A Ocram! [6a61a2a7]\modelo_gltf.zip,gltf,0.37,31,33384,59748,31,2,128x128;256x128,False,0,0,,False,0,,TERRARIA_LEGACY,BOSS,False,,PRIMARY,COMMERCIAL_OK,"Author: CobaltNaginata's 3D models, Cat: "
de2f8f7dfbec40008a9c1de6036411f7,planterra's true form #1,Maddox,https://sketchfab.com/3d-models/planterras-true-form-1-de2f8f7dfbec40008a9c1de6036411f7,CC Attribution,True,COMMERCIAL_OK,True,False,C:\model 3d\_processed\de2f8f7dfbec40008a9c1de6036411f7\source,C:\model 3d\_NOVOS_TERRARIA\Bosses e Inimigos\planterra's true form #1 [de2f8f7d]\modelo_gltf.zip,gltf,11.09,7,409636,786432,1,0,none,False,0,0,,False,0,,TERRARIA_VANILLA,MOB,False,,PRIMARY,COMMERCIAL_OK,"Author: Maddox, Cat: "
8b0fc6573bf1497da416a5caa5e4ebd6,SERIOUSLY THO,Chandelure_F-5,https://sketchfab.com/3d-models/seriously-tho-8b0fc6573bf1497da416a5caa5e4ebd6,CC Attribution,True,COMMERCIAL_OK,True,False,C:\model 3d\_processed\8b0fc6573bf1497da416a5caa5e4ebd6\source,C:\model 3d\_NOVOS_TERRARIA\Bosses e Inimigos\SERIOUSLY THO [8b0fc657]\modelo_gltf.zip,gltf,1.6,34,64594,124128,31,16,128x128;2048x2048;256x256;512x256;8x8,False,0,0,,False,0,,TERRARIA_VANILLA,ITEM,False,,PRIMARY,COMMERCIAL_OK,"Author: Chandelure_F-5, Cat: "
199e34775292497da9a188edd6786842,Skeletron Rig,NO DONT EAT ME CASEOH (Ferris wheel),https://sketchfab.com/3d-models/skeletron-rig-199e34775292497da9a188edd6786842,CC Attribution,True,COMMERCIAL_OK,True,False,C:\model 3d\_processed\199e34775292497da9a188edd6786842\source,C:\model 3d\_NOVOS_TERRARIA\Bosses e Inimigos\Skeletron Rig [199e3477]\modelo_gltf.zip,gltf,1.67,11,15061,19304,3,6,1024x1024;256x256,True,1,54,_rootJoint;bip_spine_3_01;bip_collar_L_02;bip_upperArm_L_03;bip_lowerArm_L_00;bip_hand_L_04;bip_thumb_0_L_05;bip_thumb_1_L_06;bip_thumb_2_L_07;bip_thumb_2_L_end_042;bip_middle_0_L_08;bip_middle_1_L_09;bip_middle_2_L_010;bip_middle_2_L_end_043;bip_ring_0_L_011;bip_ring_1_L_012;bip_ring_2_L_013;bip_ring_2_L_end_044;bip_pinky_0_L_014;bip_pinky_1_L_015;bip_pinky_2_L_016;bip_pinky_2_L_end_045;bip_index_0_L_017;bip_index_1_L_018;bip_index_2_L_019;bip_index_2_L_end_046;bip_neck_020;bip_head_021;bip_jaw_022;bip_jaw_end_047,True,1,boss_skeletron_v2_lod3_skeleton|ragdoll,TERRARIA_VANILLA,BOSS,False,,PRIMARY,COMMERCIAL_OK,"Author: NO DONT EAT ME CASEOH (Ferris wheel), Cat: "
075381a8792a409c921caca1249167ee,slug king 3d model,lescha2648,https://sketchfab.com/3d-models/slug-king-3d-model-075381a8792a409c921caca1249167ee,CC Attribution,True,COMMERCIAL_OK,True,False,C:\model 3d\_processed\075381a8792a409c921caca1249167ee\source,C:\model 3d\_NOVOS_TERRARIA\Bosses e Inimigos\slug king 3d model [075381a8]\modelo_gltf.zip,gltf,0.22,24,17722,25768,7,0,none,False,0,0,,False,0,,TERRARIA_VANILLA,ITEM,True,terraforge_rpg:king_slime,PRIMARY,COMMERCIAL_OK,"Author: lescha2648, Cat: "
5fcd5ddf69b44f209dbb2c038c7f6194,Terraria Models Part 1,Cybbit,https://sketchfab.com/3d-models/terraria-models-part-1-5fcd5ddf69b44f209dbb2c038c7f6194,CC Attribution,True,COMMERCIAL_OK,True,False,C:\model 3d\_processed\5fcd5ddf69b44f209dbb2c038c7f6194\source,C:\model 3d\_NOVOS_TERRARIA\Bosses e Inimigos\Terraria Models Part 1 [5fcd5ddf]\modelo_gltf.zip,gltf,7.52,11,228221,450332,10,0,none,True,5,13,GLTF_created_0_rootJoint;Bone_1;GLTF_created_1_rootJoint;Bone_7;GLTF_created_2_rootJoint;Bone_14;Bone.001_13;GLTF_created_3_rootJoint;Bone_18;Bone.001_17;GLTF_created_4_rootJoint;Bone_22;Bone.001_21,False,0,,TERRARIA_VANILLA,ITEM,False,,PRIMARY,COMMERCIAL_OK,"Author: Cybbit, Cat: "
0911108a8bc64da88d3a86b0f82c3cae,Terraria Rock Golem,Bleinisin,https://sketchfab.com/3d-models/terraria-rock-golem-0911108a8bc64da88d3a86b0f82c3cae,CC Attribution,True,COMMERCIAL_OK,True,False,C:\model 3d\_processed\0911108a8bc64da88d3a86b0f82c3cae\source,C:\model 3d\_NOVOS_TERRARIA\Bosses e Inimigos\Terraria Rock Golem [0911108a]\modelo_gltf.zip,gltf,0.01,32,768,384,1,1,256x256,False,0,0,,True,4,rock_golem_idle;rock_golem_attack;rock_golem_walk;rock_golem_hurt,TERRARIA_VANILLA,BOSS,True,terraforge_rpg:golem,PRIMARY,COMMERCIAL_OK,"Author: Bleinisin, Cat: "
2c69ee83d2d44de2b198f322cad64a5e,Terraria,Filipinjo7,https://sketchfab.com/3d-models/terraria-2c69ee83d2d44de2b198f322cad64a5e,CC Attribution,True,COMMERCIAL_OK,True,False,C:\model 3d\_processed\2c69ee83d2d44de2b198f322cad64a5e\source,C:\model 3d\_NOVOS_TERRARIA\Bosses e Inimigos\Terraria [2c69ee83]\modelo_gltf.zip,gltf,0.99,12,50218,56057,12,0,none,False,0,0,,False,0,,TERRARIA_VANILLA,ITEM,False,,PRIMARY,COMMERCIAL_OK,"Author: Filipinjo7, Cat: "
1177260843864bd69e2065d237113ae6,XS-01 Artemis and XS-03 Apollo Exo Mechs,StlMaster,https://sketchfab.com/3d-models/xs-01-artemis-and-xs-03-apollo-exo-mechs-1177260843864bd69e2065d237113ae6,CC Attribution,True,COMMERCIAL_OK,True,False,C:\model 3d\_processed\1177260843864bd69e2065d237113ae6\source,C:\model 3d\_NOVOS_TERRARIA\Bosses e Inimigos\XS-01 Artemis and XS-03 Apollo Exo Mechs [11772608]\modelo_gltf.zip,gltf,0.71,10,37096,43587,8,0,none,False,0,0,,False,0,,CALAMITY,BOSS,False,,PRIMARY,COMMERCIAL_OK,"Author: StlMaster, Cat: "
d8ab54ef22374282b8ba82d49fd0cc3e,XS-01 Artemis,maniacmoose777,https://sketchfab.com/3d-models/xs-01-artemis-d8ab54ef22374282b8ba82d49fd0cc3e,CC Attribution,True,COMMERCIAL_OK,True,False,C:\model 3d\_processed\d8ab54ef22374282b8ba82d49fd0cc3e\source,C:\model 3d\_NOVOS_TERRARIA\Bosses e Inimigos\XS-01 Artemis [d8ab54ef]\modelo_gltf.zip,gltf,63.36,13,832021,1307184,1,3,2048x2048,False,0,0,,False,0,,CALAMITY,BOSS,False,,ALTERNATE,ANALYZED,"Author: maniacmoose777, Cat: "
d184fbc6f46844a4b8ac635a3f907b1a,Xs-03 Apollo,maniacmoose777,https://sketchfab.com/3d-models/xs-03-apollo-d184fbc6f46844a4b8ac635a3f907b1a,CC Attribution,True,COMMERCIAL_OK,True,False,C:\model 3d\_processed\d184fbc6f46844a4b8ac635a3f907b1a\source,C:\model 3d\_NOVOS_TERRARIA\Bosses e Inimigos\Xs-03 Apollo [d184fbc6]\modelo_gltf.zip,gltf,19.16,13,791546,1219961,1,0,none,False,0,0,,False,0,,CALAMITY,BOSS,False,,PRIMARY,COMMERCIAL_OK,"Author: maniacmoose777, Cat: "
f9773ddd5b3748ebbef157725a8e7543,Devil's Devastation sword,July,https://sketchfab.com/3d-models/devils-devastation-sword-f9773ddd5b3748ebbef157725a8e7543,CC Attribution,True,COMMERCIAL_OK,True,False,C:\model 3d\_processed\f9773ddd5b3748ebbef157725a8e7543\source,C:\model 3d\_NOVOS_TERRARIA\Crafting Stations\Devil's Devastation sword [f9773ddd]\modelo_gltf.zip,gltf,7.52,3,4550,4102,3,7,2048x2048,False,0,0,,False,0,,TERRARIA_VANILLA,WEAPON,False,,PRIMARY,COMMERCIAL_OK,"Author: July, Cat: "
fdc7ea7174b041e6b7a7aaed022e9bd9,Icemourne,ItzBadBones,https://sketchfab.com/3d-models/icemourne-fdc7ea7174b041e6b7a7aaed022e9bd9,CC Attribution,True,COMMERCIAL_OK,True,False,C:\model 3d\_processed\fdc7ea7174b041e6b7a7aaed022e9bd9\source,C:\model 3d\_NOVOS_TERRARIA\Crafting Stations\Icemourne [fdc7ea71]\modelo_gltf.zip,gltf,0.05,1,8411,4516,1,1,64x64,False,0,0,,False,0,,TERRARIA_VANILLA,ITEM,False,,PRIMARY,COMMERCIAL_OK,"Author: ItzBadBones, Cat: "
f8b3dfb7b62144f3b6ca15179bbc6d2c,Chainsaw,Jane_k,https://sketchfab.com/3d-models/chainsaw-f8b3dfb7b62144f3b6ca15179bbc6d2c,CC Attribution,True,COMMERCIAL_OK,True,False,C:\model 3d\_processed\f8b3dfb7b62144f3b6ca15179bbc6d2c\source,C:\model 3d\_NOVOS_TERRARIA\Ferramentas\Chainsaw [f8b3dfb7]\modelo_gltf.zip,gltf,0.2,2,2938,1729,1,2,1024x1024;512x512,False,0,0,,False,0,,TERRARIA_VANILLA,WEAPON,False,,PRIMARY,COMMERCIAL_OK,"Author: Jane_k, Cat: "
0f210e9a198942c891b8663e6abdbfd0,Drippler (Rough AI),MarioSMB,https://sketchfab.com/3d-models/drippler-rough-ai-0f210e9a198942c891b8663e6abdbfd0,CC Attribution,True,COMMERCIAL_OK,True,False,C:\model 3d\_processed\0f210e9a198942c891b8663e6abdbfd0\source,C:\model 3d\_NOVOS_TERRARIA\Ferramentas\Drippler (Rough AI) [0f210e9a]\modelo_gltf.zip,gltf,25.67,5,318898,540056,1,3,2048x2048,False,0,0,,False,0,,TERRARIA_VANILLA,MOB,True,terraforge_rpg:demon_eye,PRIMARY,COMMERCIAL_OK,"Author: MarioSMB, Cat: "
d38eafd87f3844f79bb34db734614953,AdamantiteSword,Viketour,https://sketchfab.com/3d-models/adamantitesword-d38eafd87f3844f79bb34db734614953,CC Attribution,True,COMMERCIAL_OK,True,False,C:\model 3d\_processed\d38eafd87f3844f79bb34db734614953\source,C:\model 3d\_NOVOS_TERRARIA\Materiais\AdamantiteSword [d38eafd8]\modelo_gltf.zip,gltf,0.01,23,552,276,1,1,128x32,False,0,0,,False,0,,TERRARIA_VANILLA,WEAPON,False,,PRIMARY,COMMERCIAL_OK,"Author: Viketour, Cat: "
ab02ba076d4e425f94c1631b83955289,Brimstone elemental,Whatevermate,https://sketchfab.com/3d-models/brimstone-elemental-ab02ba076d4e425f94c1631b83955289,CC Attribution,True,COMMERCIAL_OK,True,False,C:\model 3d\_processed\ab02ba076d4e425f94c1631b83955289\source,C:\model 3d\_NOVOS_TERRARIA\Materiais\Brimstone elemental [ab02ba07]\modelo_gltf.zip,gltf,4.86,9,123114,220762,8,3,1024x1024;2048x2048,False,0,0,,False,0,,CALAMITY,BOSS,False,,PRIMARY,COMMERCIAL_OK,"Author: Whatevermate, Cat: "
323cd1cf000e44dcbdb2e5dc4d7ff584,Celebration MK2 from Terraria 3D Model,GAM Animation,https://sketchfab.com/3d-models/celebration-mk2-from-terraria-3d-model-323cd1cf000e44dcbdb2e5dc4d7ff584,CC Attribution,True,COMMERCIAL_OK,True,False,C:\model 3d\_processed\323cd1cf000e44dcbdb2e5dc4d7ff584\source,C:\model 3d\_NOVOS_TERRARIA\Materiais\Celebration MK2 from Terraria 3D Model [323cd1cf]\modelo_gltf.zip,gltf,0.1,8,13139,9364,8,0,none,False,0,0,,False,0,,TERRARIA_VANILLA,ITEM,True,terraforge_rpg:celebration_mk2,PRIMARY,COMMERCIAL_OK,"Author: GAM Animation, Cat: "
a789fd6ee0a24ef1a30392776f56f23b,Cosmic Bolter LowPoly,KaraBulba4ka,https://sketchfab.com/3d-models/cosmic-bolter-lowpoly-a789fd6ee0a24ef1a30392776f56f23b,CC Attribution,True,COMMERCIAL_OK,True,False,C:\model 3d\_processed\a789fd6ee0a24ef1a30392776f56f23b\source,C:\model 3d\_NOVOS_TERRARIA\Materiais\Cosmic Bolter LowPoly [a789fd6e]\modelo_gltf.zip,gltf,0.01,47,1028,514,4,4,32x32;64x64,False,0,0,,False,0,,TERRARIA_VANILLA,ITEM,False,,PRIMARY,COMMERCIAL_OK,"Author: KaraBulba4ka, Cat: "
45fc3e1f2b6a48de8c6594fd56f220a8,Dragonfolly,maniacmoose777,https://sketchfab.com/3d-models/dragonfolly-45fc3e1f2b6a48de8c6594fd56f220a8,CC Attribution,True,COMMERCIAL_OK,True,False,C:\model 3d\_processed\45fc3e1f2b6a48de8c6594fd56f220a8\source,C:\model 3d\_NOVOS_TERRARIA\Materiais\Dragonfolly [45fc3e1f]\modelo_gltf.zip,gltf,27.34,6,379091,646479,1,3,2048x2048,False,0,0,,False,0,,CALAMITY,BOSS,False,,PRIMARY,COMMERCIAL_OK,"Author: maniacmoose777, Cat: "
316eee44fd0e45d5a0c8374c43c21e9b,Duke Fishron,StlMaster,https://sketchfab.com/3d-models/duke-fishron-316eee44fd0e45d5a0c8374c43c21e9b,CC Attribution,True,COMMERCIAL_OK,True,False,C:\model 3d\_processed\316eee44fd0e45d5a0c8374c43c21e9b\source,C:\model 3d\_NOVOS_TERRARIA\Materiais\Duke Fishron [316eee44]\modelo_gltf.zip,gltf,7.6,9,266460,449410,4,1,1024x1024,False,0,0,,False,0,,TERRARIA_VANILLA,BOSS,True,terraforge_rpg:duke_fishron,ALTERNATE,ANALYZED,"Author: StlMaster, Cat: "
3e2e8f4a789e48d8ae288af3554c2322,Empress Of Light,3deux,https://sketchfab.com/3d-models/empress-of-light-3e2e8f4a789e48d8ae288af3554c2322,CC Attribution,True,COMMERCIAL_OK,True,False,C:\model 3d\_processed\3e2e8f4a789e48d8ae288af3554c2322\source,C:\model 3d\_NOVOS_TERRARIA\Materiais\Empress Of Light [3e2e8f4a]\modelo_gltf.zip,gltf,12.33,21,31706,43354,10,10,2048x2048;512x512,True,1,153,_rootJoint;root_02;hip_03;spine_01_04;spine_02_05;spine_03_06;neck_07;head_08;jaw_09;jaw_end_0118;eye_L_010;eye_L_end_0119;eye_R_011;eye_R_end_0120;Oreja_L_012;Oreja_L.001_013;Oreja_L.002_014;Oreja_L.002_end_0121;Aro_L_015;Aro_L.001_016;Aro_L.001_end_0122;Oreja_R_017;Oreja_R.001_018;Oreja_R.002_019;Oreja_R.002_end_0123;Aro_R_020;Aro_R.001_021;Aro_R.001_end_0124;PeloFront_L.001_022;PeloFront_L.002_023,False,0,,TERRARIA_VANILLA,BOSS,False,,PRIMARY,COMMERCIAL_OK,"Author: 3deux, Cat: "
c78fab1721ed49c89d8242d8bf1809e7,Falling Star fanart from terraria,pedrohmm123,https://sketchfab.com/3d-models/falling-star-fanart-from-terraria-c78fab1721ed49c89d8242d8bf1809e7,CC Attribution,True,COMMERCIAL_OK,True,False,C:\model 3d\_processed\c78fab1721ed49c89d8242d8bf1809e7\source,C:\model 3d\_NOVOS_TERRARIA\Materiais\Falling Star fanart from terraria [c78fab17]\modelo_gltf.zip,gltf,0.0,1,62,40,1,0,none,False,0,0,,False,0,,TERRARIA_VANILLA,MATERIAL,False,,PRIMARY,COMMERCIAL_OK,"Author: pedrohmm123, Cat: "
bbf95f9b2f42480d94bbe57a0013326c,Lost Tower,farooq.smurf,https://sketchfab.com/3d-models/lost-tower-bbf95f9b2f42480d94bbe57a0013326c,CC Attribution,True,COMMERCIAL_OK,True,False,C:\model 3d\_processed\bbf95f9b2f42480d94bbe57a0013326c\source,C:\model 3d\_NOVOS_TERRARIA\Materiais\Lost Tower [bbf95f9b]\modelo_gltf.zip,gltf,0.02,2,2155,1117,2,1,1024x512,False,0,0,,False,0,,TERRARIA_VANILLA,STRUCTURE,False,,PRIMARY,COMMERCIAL_OK,"Author: farooq.smurf, Cat: "
f6f46d9da39d4b7b8a5a3df5459f4bf0,Moonlord - A realistic 3D Terraria model,StlMaster,https://sketchfab.com/3d-models/moonlord-a-realistic-3d-terraria-model-f6f46d9da39d4b7b8a5a3df5459f4bf0,CC Attribution,True,COMMERCIAL_OK,True,False,C:\model 3d\_processed\f6f46d9da39d4b7b8a5a3df5459f4bf0\source,C:\model 3d\_NOVOS_TERRARIA\Materiais\Moonlord - A realistic 3D Terraria model [f6f46d9d]\modelo_gltf.zip,gltf,47.98,47,1705074,2785212,9,1,1024x1024,False,0,0,,False,0,,TERRARIA_VANILLA,BOSS,True,terraforge_rpg:moon_lord,PRIMARY,COMMERCIAL_OK,"Author: StlMaster, Cat: "
2099a9d68c884ccd95de8950c176a372,Roclryaslton Sword,thanoidiscominggaming,https://sketchfab.com/3d-models/roclryaslton-sword-2099a9d68c884ccd95de8950c176a372,CC Attribution,True,COMMERCIAL_OK,True,False,C:\model 3d\_processed\2099a9d68c884ccd95de8950c176a372\source,C:\model 3d\_NOVOS_TERRARIA\Materiais\Roclryaslton Sword [2099a9d6]\modelo_gltf.zip,gltf,0.57,4,6662,5844,4,5,1024x1024;512x512,False,0,0,,False,0,,TERRARIA_VANILLA,WEAPON,False,,PRIMARY,COMMERCIAL_OK,"Author: thanoidiscominggaming, Cat: "
ff8fbbfb037e4c1c90cd6c9ea40f966c,WitherWilt,Ref_N,https://sketchfab.com/3d-models/witherwilt-ff8fbbfb037e4c1c90cd6c9ea40f966c,CC Attribution,True,COMMERCIAL_OK,True,False,C:\model 3d\_processed\ff8fbbfb037e4c1c90cd6c9ea40f966c\source,C:\model 3d\_NOVOS_TERRARIA\Materiais\WitherWilt [ff8fbbfb]\modelo_gltf.zip,gltf,2.62,4,6327,10236,4,4,1024x512;256x256;512x512,False,0,0,,False,0,,TERRARIA_VANILLA,ITEM,False,,PRIMARY,COMMERCIAL_OK,"Author: Ref_N, Cat: "
0e8a7fe30046402db2f6494326739304,Shadow Candle (Terraria),WendyShadowGaming,https://sketchfab.com/3d-models/shadow-candle-terraria-0e8a7fe30046402db2f6494326739304,CC Attribution,True,COMMERCIAL_OK,True,False,C:\model 3d\_processed\0e8a7fe30046402db2f6494326739304\source,C:\model 3d\_NOVOS_TERRARIA\Moveis\Shadow Candle (Terraria) [0e8a7fe3]\modelo_gltf.zip,gltf,1.84,1,8709,10000,1,1,2048x2048,False,0,0,,False,0,,TERRARIA_VANILLA,FURNITURE,True,terraforge_rpg:shadow_candle,ALTERNATE,ANALYZED,"Author: WendyShadowGaming, Cat: "
4cf49b7c98b1432a86db8e867cbc1e58,Shadow Candle (Terraria),WendyShadowGaming,https://sketchfab.com/3d-models/shadow-candle-terraria-4cf49b7c98b1432a86db8e867cbc1e58,CC Attribution,True,COMMERCIAL_OK,True,False,C:\model 3d\_processed\4cf49b7c98b1432a86db8e867cbc1e58\source,C:\model 3d\_NOVOS_TERRARIA\Moveis\Shadow Candle (Terraria) [4cf49b7c]\modelo_gltf.zip,gltf,1.79,1,9197,10000,1,1,2048x2048,False,0,0,,False,0,,TERRARIA_VANILLA,FURNITURE,True,terraforge_rpg:shadow_candle,ALTERNATE,ANALYZED,"Author: WendyShadowGaming, Cat: "
5f7703fb16fa49a8a8bae9bfbf1d1359,Shadow Candle (Terraria),WendyShadowGaming,https://sketchfab.com/3d-models/shadow-candle-terraria-5f7703fb16fa49a8a8bae9bfbf1d1359,CC Attribution,True,COMMERCIAL_OK,True,False,C:\model 3d\_processed\5f7703fb16fa49a8a8bae9bfbf1d1359\source,C:\model 3d\_NOVOS_TERRARIA\Moveis\Shadow Candle (Terraria) [5f7703fb]\modelo_gltf.zip,gltf,1.56,1,8639,10000,1,1,2048x2048,False,0,0,,False,0,,TERRARIA_VANILLA,FURNITURE,True,terraforge_rpg:shadow_candle,ALTERNATE,ANALYZED,"Author: WendyShadowGaming, Cat: "
dea97de56e9c4de589f722c1c2c322b7,Shadow Candle (Terraria),WendyShadowGaming,https://sketchfab.com/3d-models/shadow-candle-terraria-dea97de56e9c4de589f722c1c2c322b7,CC Attribution,True,COMMERCIAL_OK,True,False,C:\model 3d\_processed\dea97de56e9c4de589f722c1c2c322b7\source,C:\model 3d\_NOVOS_TERRARIA\Moveis\Shadow Candle (Terraria) [dea97de5]\modelo_gltf.zip,gltf,1.5,1,11321,9996,1,1,2048x2048,False,0,0,,False,0,,TERRARIA_VANILLA,FURNITURE,True,terraforge_rpg:shadow_candle,PRIMARY,COMMERCIAL_OK,"Author: WendyShadowGaming, Cat: "
403fc6f9b9674572bc8ea9f5c6ef1a1c,Anahita,xunbile,https://sketchfab.com/3d-models/anahita-403fc6f9b9674572bc8ea9f5c6ef1a1c,CC Attribution,True,COMMERCIAL_OK,True,False,C:\model 3d\_processed\403fc6f9b9674572bc8ea9f5c6ef1a1c\source,C:\model 3d\_NOVOS_TERRARIA\Objetos e Outros\Anahita [403fc6f9]\modelo_gltf.zip,gltf,2.13,3,21098,22940,3,3,4096x4096,True,1,38,GLTF_created_0_rootJoint;DEF-spine_36;DEF-spine.001_35;DEF-spine.002_34;DEF-spine.003_33;DEF-spine.004_32;DEF-spine.005_31;DEF-spine.006_30;DEF-pelvis.L_37;DEF-pelvis.R_38;DEF-thigh.L_44;DEF-thigh.L.001_43;DEF-shin.L_42;DEF-shin.L.001_41;DEF-foot.L_40;DEF-toe.L_39;DEF-thigh.R_50;DEF-thigh.R.001_49;DEF-shin.R_48;DEF-shin.R.001_47;DEF-foot.R_46;DEF-toe.R_45;Bone_51;Bone.001_52;DEF-shoulder.L_53;DEF-upper_arm.L_58;DEF-upper_arm.L.001_57;DEF-forearm.L_56;DEF-forearm.L.001_55;DEF-hand.L_54,True,1,rig������,CALAMITY,ITEM,False,,PRIMARY,COMMERCIAL_OK,"Author: xunbile, Cat: "
36b4302e7c0e4f179bae2d836c5d61f0,Astrum Aureus,maniacmoose777,https://sketchfab.com/3d-models/astrum-aureus-36b4302e7c0e4f179bae2d836c5d61f0,CC Attribution,True,COMMERCIAL_OK,True,False,C:\model 3d\_processed\36b4302e7c0e4f179bae2d836c5d61f0\source,C:\model 3d\_NOVOS_TERRARIA\Objetos e Outros\Astrum Aureus [36b4302e]\modelo_gltf.zip,gltf,18.81,12,764147,1207552,1,0,none,False,0,0,,False,0,,CALAMITY,BOSS,False,,PRIMARY,COMMERCIAL_OK,"Author: maniacmoose777, Cat: "
c9744b1a46d447bb91156bd10edfd420,Calamity Mod Leviathan,xunbile,https://sketchfab.com/3d-models/calamity-mod-leviathan-c9744b1a46d447bb91156bd10edfd420,CC Attribution,True,COMMERCIAL_OK,True,False,C:\model 3d\_processed\c9744b1a46d447bb91156bd10edfd420\source,C:\model 3d\_NOVOS_TERRARIA\Objetos e Outros\Calamity Mod Leviathan [c9744b1a]\modelo_gltf.zip,gltf,8.37,5,7865,6078,5,4,1024x1024;4096x4096;512x512,True,1,9,GLTF_created_0_rootJoint;������_8;������.001_1;������.002_2;������.003_3;������.004_4;������.005_5;������.006_7;������.007_6,True,5,red������;������|������������;������|������������.001;������������;������������.001,CALAMITY,ITEM,False,,PRIMARY,COMMERCIAL_OK,"Author: xunbile, Cat: "
546bc88e319f499e9066b51c89101dc1,Eye Terraria,JJJimmyJam,https://sketchfab.com/3d-models/eye-terraria-546bc88e319f499e9066b51c89101dc1,CC Attribution,True,COMMERCIAL_OK,True,False,C:\model 3d\_processed\546bc88e319f499e9066b51c89101dc1\source,C:\model 3d\_NOVOS_TERRARIA\Objetos e Outros\Eye Terraria [546bc88e]\modelo_gltf.zip,gltf,2.74,2,100736,196608,1,0,none,False,0,0,,False,0,,TERRARIA_VANILLA,MOB,True,terraforge_rpg:demon_eye,PRIMARY,COMMERCIAL_OK,"Author: JJJimmyJam, Cat: "
fb42d6656c694d15a7910b1ac8d044ed,Eye,shovelsquid,https://sketchfab.com/3d-models/eye-fb42d6656c694d15a7910b1ac8d044ed,CC Attribution,True,COMMERCIAL_OK,True,False,C:\model 3d\_processed\fb42d6656c694d15a7910b1ac8d044ed\source,C:\model 3d\_NOVOS_TERRARIA\Objetos e Outros\Eye [fb42d665]\modelo_gltf.zip,gltf,0.48,3,2430,1272,2,2,128x128;256x256,True,1,50,_rootJoint;R.IK_01;R.IK_end_041;L.IK_02;L.IK_end_042;Eyeball_03;Stretch R.001_04;Stretch R.002_05;Stretch R.003_06;Stretch R.004_00;Stretch R.005_07;Stretch R.006_08;Stretch R.007_09;Stretch R.008_010;Stretch R.009_011;Stretch R.009_end_043;Stretch L.001_012;Stretch L.002_013;Stretch L.003_014;Stretch L.004_015;Stretch L.005_016;Stretch L.006_017;Stretch L.007_018;Stretch L.008_019;Stretch L.009_020;Stretch L.009_end_044;R.001_021;R.002_022;R.003_023;R.004_024,True,1,Scene,TERRARIA_VANILLA,ITEM,False,,PRIMARY,COMMERCIAL_OK,"Author: shovelsquid, Cat: "
8b8b2b73ce8e4347adc6fcf2858cb484,Idiotic Moonlord,CobaltNaginata's 3D models,https://sketchfab.com/3d-models/idiotic-moonlord-8b8b2b73ce8e4347adc6fcf2858cb484,CC Attribution,True,COMMERCIAL_OK,True,False,C:\model 3d\_processed\8b8b2b73ce8e4347adc6fcf2858cb484\source,C:\model 3d\_NOVOS_TERRARIA\Objetos e Outros\Idiotic Moonlord [8b8b2b73]\modelo_gltf.zip,gltf,0.19,8,12368,22424,8,1,128x256,False,0,0,,False,0,,TERRARIA_VANILLA,BOSS,True,terraforge_rpg:moon_lord,PRIMARY,COMMERCIAL_OK,"Author: CobaltNaginata's 3D models, Cat: "
996fffe1c5b2458cb06915ccfb5bb3a5,Lancer,Timothy Moses,https://sketchfab.com/3d-models/lancer-996fffe1c5b2458cb06915ccfb5bb3a5,CC Attribution,True,COMMERCIAL_OK,True,False,C:\model 3d\_processed\996fffe1c5b2458cb06915ccfb5bb3a5\source,C:\model 3d\_NOVOS_TERRARIA\Objetos e Outros\Lancer [996fffe1]\modelo_gltf.zip,gltf,0.47,37,38882,23351,5,0,none,False,0,0,,False,0,,TERRARIA_VANILLA,ITEM,False,,PRIMARY,COMMERCIAL_OK,"Author: Timothy Moses, Cat: "
7d00c9222683463eacc97bf0f95deca0,lunatic cultist,AengusMcNair,https://sketchfab.com/3d-models/lunatic-cultist-7d00c9222683463eacc97bf0f95deca0,CC Attribution,True,COMMERCIAL_OK,True,False,C:\model 3d\_processed\7d00c9222683463eacc97bf0f95deca0\source,C:\model 3d\_NOVOS_TERRARIA\Objetos e Outros\lunatic cultist [7d00c922]\modelo_gltf.zip,gltf,1.97,2,88447,133120,1,0,none,False,0,0,,False,0,,TERRARIA_VANILLA,BOSS,False,,PRIMARY,COMMERCIAL_OK,"Author: AengusMcNair, Cat: "
19e9e3d27fc841359b8ed0df5b42fd83,Meowmere | Terraria,6eitha,https://sketchfab.com/3d-models/meowmere-terraria-19e9e3d27fc841359b8ed0df5b42fd83,CC Attribution,True,COMMERCIAL_OK,True,False,C:\model 3d\_processed\19e9e3d27fc841359b8ed0df5b42fd83\source,C:\model 3d\_NOVOS_TERRARIA\Objetos e Outros\Meowmere _ Terraria [19e9e3d2]\modelo_gltf.zip,gltf,0.03,1,764,382,1,1,4096x4096,False,0,0,,False,0,,TERRARIA_VANILLA,WEAPON,True,terraforge_rpg:meowmere,PRIMARY,COMMERCIAL_OK,"Author: 6eitha, Cat: "
78ece67398414aa1b4bc364c7d4ffba7,minecraft model #1 angry nimbus terraria,Maddox,https://sketchfab.com/3d-models/minecraft-model-1-angry-nimbus-terraria-78ece67398414aa1b4bc364c7d4ffba7,CC Attribution,True,COMMERCIAL_OK,True,False,C:\model 3d\_processed\78ece67398414aa1b4bc364c7d4ffba7\source,C:\model 3d\_NOVOS_TERRARIA\Objetos e Outros\minecraft model #1 angry nimbus terraria [78ece673]\modelo_gltf.zip,gltf,12.64,20,1301602,2555904,1,0,none,False,0,0,,False,0,,TERRARIA_VANILLA,MOB,False,,PRIMARY,COMMERCIAL_OK,"Author: Maddox, Cat: "
c8a044a08479448e935365cc199fe1b5,Nights Edge Terraria,nothere426,https://sketchfab.com/3d-models/nights-edge-terraria-c8a044a08479448e935365cc199fe1b5,CC Attribution,True,COMMERCIAL_OK,True,False,C:\model 3d\_processed\c8a044a08479448e935365cc199fe1b5\source,C:\model 3d\_NOVOS_TERRARIA\Objetos e Outros\Nights Edge Terraria [c8a044a0]\modelo_gltf.zip,gltf,0.25,1,1720,1056,1,4,1024x1024,False,0,0,,False,0,,TERRARIA_VANILLA,ITEM,True,terraforge_rpg:nights_edge,PRIMARY,COMMERCIAL_OK,"Author: nothere426, Cat: "
4594793877614412861ddb7404bb9dc0,personaje modelado,Sikarus,https://sketchfab.com/3d-models/personaje-modelado-4594793877614412861ddb7404bb9dc0,CC Attribution,True,COMMERCIAL_OK,True,False,C:\model 3d\_processed\4594793877614412861ddb7404bb9dc0\source,C:\model 3d\_NOVOS_TERRARIA\Objetos e Outros\personaje modelado [45947938]\modelo_gltf.zip,gltf,1.5,25,6353,5095,25,1,2048x2048,False,0,0,,False,0,,TERRARIA_VANILLA,ITEM,False,,PRIMARY,COMMERCIAL_OK,"Author: Sikarus, Cat: "
e16d93f81f374002996383721958104f,Providence The Profaned Sun Goddess,maniacmoose777,https://sketchfab.com/3d-models/providence-the-profaned-sun-goddess-e16d93f81f374002996383721958104f,CC Attribution,True,COMMERCIAL_OK,True,False,C:\model 3d\_processed\e16d93f81f374002996383721958104f\source,C:\model 3d\_NOVOS_TERRARIA\Objetos e Outros\Providence The Profaned Sun Goddess [e16d93f8]\modelo_gltf.zip,gltf,20.57,13,841770,1330300,1,0,none,False,0,0,,False,0,,CALAMITY,BOSS,False,,PRIMARY,COMMERCIAL_OK,"Author: maniacmoose777, Cat: "
0b0cf2b30e324ed68c79d2b89d5de94c,Seedler | Terraria,6eitha,https://sketchfab.com/3d-models/seedler-terraria-0b0cf2b30e324ed68c79d2b89d5de94c,CC Attribution,True,COMMERCIAL_OK,True,False,C:\model 3d\_processed\0b0cf2b30e324ed68c79d2b89d5de94c\source,C:\model 3d\_NOVOS_TERRARIA\Objetos e Outros\Seedler _ Terraria [0b0cf2b3]\modelo_gltf.zip,gltf,0.03,1,868,434,1,1,4096x4096,False,0,0,,False,0,,TERRARIA_VANILLA,WEAPON,True,terraforge_rpg:seedler,PRIMARY,COMMERCIAL_OK,"Author: 6eitha, Cat: "
d99a0f6ff1be455ba42ba9db3e426334,Terraria 3D Illustration,nxee,https://sketchfab.com/3d-models/terraria-3d-illustration-d99a0f6ff1be455ba42ba9db3e426334,CC Attribution,True,COMMERCIAL_OK,True,False,C:\model 3d\_processed\d99a0f6ff1be455ba42ba9db3e426334\source,C:\model 3d\_NOVOS_TERRARIA\Objetos e Outros\Terraria 3D Illustration [d99a0f6f]\modelo_gltf.zip,gltf,0.11,1,23689,15098,1,1,256x1,False,0,0,,False,0,,TERRARIA_VANILLA,ITEM,False,,PRIMARY,COMMERCIAL_OK,"Author: nxee, Cat: "
fd053697b0544d8fa77ce51104b980b9,Terraria Desert Ant,Bleinisin,https://sketchfab.com/3d-models/terraria-desert-ant-fd053697b0544d8fa77ce51104b980b9,CC Attribution,True,COMMERCIAL_OK,True,False,C:\model 3d\_processed\fd053697b0544d8fa77ce51104b980b9\source,C:\model 3d\_NOVOS_TERRARIA\Objetos e Outros\Terraria Desert Ant [fd053697]\modelo_gltf.zip,gltf,0.01,28,672,336,1,1,128x128,False,0,0,,True,4,desert_ant_idle;desert_ant_walk;desert_ant_aggro;desert_ant_attack,TERRARIA_VANILLA,MOB,False,,PRIMARY,COMMERCIAL_OK,"Author: Bleinisin, Cat: "
859263a2b28047c6ba57a573952e031d,terraria gastropod closed,Maddox,https://sketchfab.com/3d-models/terraria-gastropod-closed-859263a2b28047c6ba57a573952e031d,CC Attribution,True,COMMERCIAL_OK,True,False,C:\model 3d\_processed\859263a2b28047c6ba57a573952e031d\source,C:\model 3d\_NOVOS_TERRARIA\Objetos e Outros\terraria gastropod closed [859263a2]\modelo_gltf.zip,gltf,2.76,2,97062,180076,1,0,none,False,0,0,,False,0,,TERRARIA_VANILLA,MOB,False,,PRIMARY,COMMERCIAL_OK,"Author: Maddox, Cat: "
5fe5abe450d14932a64dde7fde00b53d,Terraria Jungle Tortoise,Bleinisin,https://sketchfab.com/3d-models/terraria-jungle-tortoise-5fe5abe450d14932a64dde7fde00b53d,CC Attribution,True,COMMERCIAL_OK,True,False,C:\model 3d\_processed\5fe5abe450d14932a64dde7fde00b53d\source,C:\model 3d\_NOVOS_TERRARIA\Objetos e Outros\Terraria Jungle Tortoise [5fe5abe4]\modelo_gltf.zip,gltf,0.04,170,4080,2040,1,1,512x512,False,0,0,,True,4,giant_jungle_turtle_idle;giant_jungle_turtle_walk;giant_jungle_turtle_aggro;giant_jungle_turtle_attack,TERRARIA_VANILLA,MOB,False,,PRIMARY,COMMERCIAL_OK,"Author: Bleinisin, Cat: "
ce806d8b23e4423fb479b5351f56e444,Terraria Style Pyramid,3d.phoop,https://sketchfab.com/3d-models/terraria-style-pyramid-ce806d8b23e4423fb479b5351f56e444,CC Attribution,True,COMMERCIAL_OK,True,False,C:\model 3d\_processed\ce806d8b23e4423fb479b5351f56e444\source,C:\model 3d\_NOVOS_TERRARIA\Objetos e Outros\Terraria Style Pyramid [ce806d8b]\modelo_gltf.zip,gltf,0.01,1,298,160,1,0,none,False,0,0,,False,0,,TERRARIA_VANILLA,STRUCTURE,False,,PRIMARY,COMMERCIAL_OK,"Author: 3d.phoop, Cat: "
de70f9447f874b0b9dc9d42425fcc074,terraria the twins,Maddox,https://sketchfab.com/3d-models/terraria-the-twins-de70f9447f874b0b9dc9d42425fcc074,CC Attribution,True,COMMERCIAL_OK,True,False,C:\model 3d\_processed\de70f9447f874b0b9dc9d42425fcc074\source,C:\model 3d\_NOVOS_TERRARIA\Objetos e Outros\terraria the twins [de70f944]\modelo_gltf.zip,gltf,25.69,15,976700,1898328,1,0,none,False,0,0,,False,0,,TERRARIA_VANILLA,BOSS,False,,ALTERNATE,ANALYZED,"Author: Maddox, Cat: "
dc8798c3e5eb4b3ba4b62fad3caf90df,Terraria VortexBeater,Hobab0,https://sketchfab.com/3d-models/terraria-vortexbeater-dc8798c3e5eb4b3ba4b62fad3caf90df,CC Attribution,True,COMMERCIAL_OK,True,False,C:\model 3d\_processed\dc8798c3e5eb4b3ba4b62fad3caf90df\source,C:\model 3d\_NOVOS_TERRARIA\Objetos e Outros\Terraria VortexBeater [dc8798c3]\modelo_gltf.zip,gltf,0.1,7,1373,960,1,1,2048x2048,False,0,0,,True,1,Take 001,TERRARIA_VANILLA,WEAPON,True,terraforge_rpg:vortex_beater,PRIMARY,COMMERCIAL_OK,"Author: Hobab0, Cat: "
b7b172a7448b483f953d088832bcb1e9,Terraria: Vivago.ai (Face Monster) 2,WendyShadowGaming,https://sketchfab.com/3d-models/terraria-vivagoai-face-monster-2-b7b172a7448b483f953d088832bcb1e9,CC Attribution,True,COMMERCIAL_OK,True,False,C:\model 3d\_processed\b7b172a7448b483f953d088832bcb1e9\source,C:\model 3d\_NOVOS_TERRARIA\Objetos e Outros\Terraria_ Vivago.ai (Face Monster) 2 [b7b172a7]\modelo_gltf.zip,gltf,2.13,1,22740,41330,1,1,1024x1024,False,0,0,,False,0,,TERRARIA_VANILLA,MOB,False,,ALTERNATE,ANALYZED,"Author: WendyShadowGaming, Cat: "
2293d6337e0443859d8a2289d4b5e210,Terraria: Vivago.ai (Face Monster),WendyShadowGaming,https://sketchfab.com/3d-models/terraria-vivagoai-face-monster-2293d6337e0443859d8a2289d4b5e210,CC Attribution,True,COMMERCIAL_OK,True,False,C:\model 3d\_processed\2293d6337e0443859d8a2289d4b5e210\source,C:\model 3d\_NOVOS_TERRARIA\Objetos e Outros\Terraria_ Vivago.ai (Face Monster) [2293d633]\modelo_gltf.zip,gltf,1.5,1,18450,34774,1,1,1024x1024,False,0,0,,False,0,,TERRARIA_VANILLA,MOB,False,,PRIMARY,COMMERCIAL_OK,"Author: WendyShadowGaming, Cat: "
e7c0b86ba4a34b0c817df7e261de58d3,The Abyss Diver,Luce090,https://sketchfab.com/3d-models/the-abyss-diver-e7c0b86ba4a34b0c817df7e261de58d3,CC Attribution,True,COMMERCIAL_OK,True,False,C:\model 3d\_processed\e7c0b86ba4a34b0c817df7e261de58d3\source,C:\model 3d\_NOVOS_TERRARIA\Objetos e Outros\The Abyss Diver [e7c0b86b]\modelo_gltf.zip,gltf,14.84,1,7228,7486,1,4,2048x2048,True,1,50,_rootJoint;mixamorig:Hips_01;mixamorig:Spine_02;mixamorig:Spine1_03;mixamorig:Spine2_04;mixamorig:Neck_05;mixamorig:Head_06;mixamorig:HeadTop_End_07;mixamorig:LeftShoulder_08;mixamorig:LeftArm_09;mixamorig:LeftForeArm_010;mixamorig:LeftHand_011;mixamorig:LeftHandThumb1_012;mixamorig:LeftHandThumb2_00;mixamorig:LeftHandThumb3_013;mixamorig:LeftHandThumb4_014;mixamorig:LeftHandIndex1_015;mixamorig:LeftHandIndex2_016;mixamorig:LeftHandIndex3_017;mixamorig:LeftHandIndex4_018;mixamorig:LeftHandMiddle1_019;mixamorig:LeftHandMiddle2_020;mixamorig:LeftHandMiddle3_021;mixamorig:LeftHandMiddle4_022;mixamorig:RightShoulder_023;mixamorig:RightArm_024;mixamorig:RightForeArm_025;mixamorig:RightHand_026;mixamorig:RightHandThumb1_027;mixamorig:RightHandThumb2_028,True,1,mixamo.com,CALAMITY,MOB,False,,PRIMARY,COMMERCIAL_OK,"Author: Luce090, Cat: "
a883cf2a37e343a7abf3e00e81dea37c,The Homie Turkor,CobaltNaginata's 3D models,https://sketchfab.com/3d-models/the-homie-turkor-a883cf2a37e343a7abf3e00e81dea37c,CC Attribution,True,COMMERCIAL_OK,True,False,C:\model 3d\_processed\a883cf2a37e343a7abf3e00e81dea37c\source,C:\model 3d\_NOVOS_TERRARIA\Objetos e Outros\The Homie Turkor [a883cf2a]\modelo_gltf.zip,gltf,10.2,4,14151,26980,4,5,2048x2048;64x32,False,0,0,,False,0,,TERRARIA_LEGACY,BOSS,False,,PRIMARY,COMMERCIAL_OK,"Author: CobaltNaginata's 3D models, Cat: "
13e4f1ceedd4412780e9991ebc1a51c5,The twins (terraria),Random E,https://sketchfab.com/3d-models/the-twins-terraria-13e4f1ceedd4412780e9991ebc1a51c5,CC Attribution,True,COMMERCIAL_OK,True,False,C:\model 3d\_processed\13e4f1ceedd4412780e9991ebc1a51c5\source,C:\model 3d\_NOVOS_TERRARIA\Objetos e Outros\The twins (terraria) [13e4f1ce]\modelo_gltf.zip,gltf,0.01,50,1200,600,1,1,256x256,False,0,0,,False,0,,TERRARIA_VANILLA,BOSS,False,,PRIMARY,COMMERCIAL_OK,"Author: Random E, Cat: "
c0e407f8617a476b94ec3de981c3a2e1,True Night's Edge | Terraria,6eitha,https://sketchfab.com/3d-models/true-nights-edge-terraria-c0e407f8617a476b94ec3de981c3a2e1,CC Attribution,True,COMMERCIAL_OK,True,False,C:\model 3d\_processed\c0e407f8617a476b94ec3de981c3a2e1\source,C:\model 3d\_NOVOS_TERRARIA\Objetos e Outros\True Night's Edge _ Terraria [c0e407f8]\modelo_gltf.zip,gltf,0.04,1,1080,540,1,1,4096x4096,False,0,0,,False,0,,TERRARIA_VANILLA,ITEM,True,terraforge_rpg:nights_edge,PRIMARY,COMMERCIAL_OK,"Author: 6eitha, Cat: "
7ceea8142f9d4bb08ee7a49a5e1d5b50,Vortex Pillar,DaeganExists,https://sketchfab.com/3d-models/vortex-pillar-7ceea8142f9d4bb08ee7a49a5e1d5b50,CC Attribution,True,COMMERCIAL_OK,True,False,C:\model 3d\_processed\7ceea8142f9d4bb08ee7a49a5e1d5b50\source,C:\model 3d\_NOVOS_TERRARIA\Objetos e Outros\Vortex Pillar [7ceea814]\modelo_gltf.zip,gltf,2.99,12,101886,170984,11,3,1024x1024,False,0,0,,False,0,,TERRARIA_VANILLA,WEAPON,False,,PRIMARY,COMMERCIAL_OK,"Author: DaeganExists, Cat: "
101fc30a48844ee3a4b48468dfd0fc6c,Voxel Scythe,lusenartem,https://sketchfab.com/3d-models/voxel-scythe-101fc30a48844ee3a4b48468dfd0fc6c,CC Attribution,True,COMMERCIAL_OK,True,False,C:\model 3d\_processed\101fc30a48844ee3a4b48468dfd0fc6c\source,C:\model 3d\_NOVOS_TERRARIA\Objetos e Outros\Voxel Scythe [101fc30a]\modelo_gltf.zip,gltf,0.01,1,1778,1198,1,1,256x1,False,0,0,,False,0,,TERRARIA_VANILLA,WEAPON,False,,PRIMARY,COMMERCIAL_OK,"Author: lusenartem, Cat: "
f74080e0c98c4b2884b2db82d74814a7,Zenith,dayte_sosiski,https://sketchfab.com/3d-models/zenith-f74080e0c98c4b2884b2db82d74814a7,CC Attribution,True,COMMERCIAL_OK,True,False,C:\model 3d\_processed\f74080e0c98c4b2884b2db82d74814a7\source,C:\model 3d\_NOVOS_TERRARIA\Objetos e Outros\Zenith [f74080e0]\modelo_gltf.zip,gltf,0.02,245,5880,2940,18,0,none,False,0,0,,False,0,,TERRARIA_VANILLA,WEAPON,True,terraforge_rpg:zenith,ALTERNATE,ANALYZED,"Author: dayte_sosiski, Cat: "
3a093b4caf3f432f8d50e180248f3a34,Zenith | Terraria,6eitha,https://sketchfab.com/3d-models/zenith-terraria-3a093b4caf3f432f8d50e180248f3a34,CC Attribution,True,COMMERCIAL_OK,True,False,C:\model 3d\_processed\3a093b4caf3f432f8d50e180248f3a34\source,C:\model 3d\_NOVOS_TERRARIA\Objetos e Outros\Zenith _ Terraria [3a093b4c]\modelo_gltf.zip,gltf,0.05,1,1052,526,1,1,4096x2048,False,0,0,,False,0,,TERRARIA_VANILLA,WEAPON,True,terraforge_rpg:zenith,PRIMARY,COMMERCIAL_OK,"Author: 6eitha, Cat: "
02264ebd80de42dd8f8abbe788008a29,Potion,toha3673,https://sketchfab.com/3d-models/potion-02264ebd80de42dd8f8abbe788008a29,CC Attribution,True,COMMERCIAL_OK,True,False,C:\model 3d\_processed\02264ebd80de42dd8f8abbe788008a29\source,C:\model 3d\_NOVOS_TERRARIA\Pocoes\Potion [02264ebd]\modelo_gltf.zip,gltf,0.25,1,406,512,1,4,512x512,False,0,0,,False,0,,TERRARIA_VANILLA,ITEM,False,,PRIMARY,COMMERCIAL_OK,"Author: toha3673, Cat: "
9294cf01cc9d48a2b02dfdb8ae815997,Super Healing Potion - terraria,DAR 88,https://sketchfab.com/3d-models/super-healing-potion-terraria-9294cf01cc9d48a2b02dfdb8ae815997,CC Attribution,True,COMMERCIAL_OK,True,False,C:\model 3d\_processed\9294cf01cc9d48a2b02dfdb8ae815997\source,C:\model 3d\_NOVOS_TERRARIA\Pocoes\Super Healing Potion - terraria [9294cf01]\modelo_gltf.zip,gltf,0.02,1,917,1628,1,1,256x256,False,0,0,,False,0,,TERRARIA_VANILLA,ITEM,False,,PRIMARY,COMMERCIAL_OK,"Author: DAR 88, Cat: "
be189255f4254469b0288f9ebfee8a12,Eater Of Worlds terraria + worm food,DAR 88,https://sketchfab.com/3d-models/eater-of-worlds-terraria-worm-food-be189255f4254469b0288f9ebfee8a12,CC Attribution,True,COMMERCIAL_OK,True,False,C:\model 3d\_processed\be189255f4254469b0288f9ebfee8a12\source,C:\model 3d\_NOVOS_TERRARIA\Summons\Eater Of Worlds terraria + worm food [be189255]\modelo_gltf.zip,gltf,0.12,7,6956,12984,7,0,none,False,0,0,,False,0,,TERRARIA_VANILLA,BOSS,False,,PRIMARY,COMMERCIAL_OK,"Author: DAR 88, Cat: "
e4ab638a42cd45a680ad8a14c4bf6068,polterghast,Maddox,https://sketchfab.com/3d-models/polterghast-e4ab638a42cd45a680ad8a14c4bf6068,CC Attribution,True,COMMERCIAL_OK,True,False,C:\model 3d\_processed\e4ab638a42cd45a680ad8a14c4bf6068\source,C:\model 3d\_NOVOS_TERRARIA\Summons\polterghast [e4ab638a]\modelo_gltf.zip,gltf,2.6,2,93521,181732,1,0,none,False,0,0,,False,0,,CALAMITY,BOSS,False,,PRIMARY,COMMERCIAL_OK,"Author: Maddox, Cat: "
010c90c94790464fad516708de3c49f7,Stardust Staff (Terraria),Kuruzeus,https://sketchfab.com/3d-models/stardust-staff-terraria-010c90c94790464fad516708de3c49f7,CC Attribution,True,COMMERCIAL_OK,True,False,C:\model 3d\_processed\010c90c94790464fad516708de3c49f7\source,C:\model 3d\_NOVOS_TERRARIA\Summons\Stardust Staff (Terraria) [010c90c9]\modelo_gltf.zip,gltf,0.33,5,30468,15695,2,0,none,False,0,0,,False,0,,TERRARIA_VANILLA,WEAPON,False,,PRIMARY,COMMERCIAL_OK,"Author: Kuruzeus, Cat: "
644289fc1f394a7e95e137ca0d6c1b9f,Eye Of Cthulhu Voxelart,Palurdas Arts,https://sketchfab.com/3d-models/eye-of-cthulhu-voxelart-644289fc1f394a7e95e137ca0d6c1b9f,CC Attribution-NonCommercial-NoDerivs,True,BLOCKED_NONCOMMERCIAL,False,False,C:\model 3d\_processed\644289fc1f394a7e95e137ca0d6c1b9f\source,C:\model 3d\_REVISAR_LICENCA\Acessorios\Eye Of Cthulhu Voxelart [644289fc]\modelo_gltf.zip,gltf,0.2,1,43493,25820,1,1,256x1,False,0,0,,False,0,,TERRARIA_VANILLA,BOSS,True,terraforge_rpg:eye_of_cthulhu,BLOCKED_LICENSE,LICENSE_BLOCKED,"Author: Palurdas Arts, Cat: "
038ee105ff6a4fa89753b91691f919f8,terraria slime v2 you can downloading from desc,AhmedMahmoudmetwally100,https://sketchfab.com/3d-models/terraria-slime-v2-you-can-downloading-from-desc-038ee105ff6a4fa89753b91691f919f8,Free Standard,False,BLOCKED_PLATFORM_LICENSE,False,False,C:\model 3d\_processed\038ee105ff6a4fa89753b91691f919f8\source,C:\model 3d\_REVISAR_LICENCA\Acessorios\terraria slime v2 you can downloading from desc [038ee105]\modelo_gltf.zip,gltf,0.12,1,19972,23952,1,0,none,False,0,0,,False,0,,TERRARIA_VANILLA,MOB,True,terraforge_rpg:green_slime,BLOCKED_LICENSE,LICENSE_BLOCKED,"Author: AhmedMahmoudmetwally100, Cat: "
547d9375f4cf428e925802841a16cb82,Solar Flare Armor (Terraria),WeSVa,https://sketchfab.com/3d-models/solar-flare-armor-terraria-547d9375f4cf428e925802841a16cb82,Free Standard,False,BLOCKED_PLATFORM_LICENSE,False,False,C:\model 3d\_processed\547d9375f4cf428e925802841a16cb82\source,C:\model 3d\_REVISAR_LICENCA\Armaduras\Solar Flare Armor (Terraria) [547d9375]\modelo_gltf.zip,gltf,42.67,3,167726,286190,1,4,4096x4096,False,0,0,,False,0,,TERRARIA_VANILLA,ARMOR,False,,BLOCKED_LICENSE,LICENSE_BLOCKED,"Author: WeSVa, Cat: "
883484d09614415080497c8d4034973a,Ark Of The Ancient (Terraria Calamity),WeSVa,https://sketchfab.com/3d-models/ark-of-the-ancient-terraria-calamity-883484d09614415080497c8d4034973a,Free Standard,False,BLOCKED_PLATFORM_LICENSE,False,False,C:\model 3d\_processed\883484d09614415080497c8d4034973a\source,C:\model 3d\_REVISAR_LICENCA\Armas\Ark Of The Ancient (Terraria Calamity) [883484d0]\modelo_gltf.zip,gltf,23.83,1,35952,64394,1,4,4096x4096,False,0,0,,False,0,,CALAMITY,ITEM,False,,BLOCKED_LICENSE,LICENSE_BLOCKED,"Author: WeSVa, Cat: "
b75d8613e9ef4618a63498840520f92a,Greatsword of Judgement,powers28,https://sketchfab.com/3d-models/greatsword-of-judgement-b75d8613e9ef4618a63498840520f92a,Free Standard,False,BLOCKED_PLATFORM_LICENSE,False,False,C:\model 3d\_processed\b75d8613e9ef4618a63498840520f92a\source,C:\model 3d\_REVISAR_LICENCA\Armas\Greatsword of Judgement [b75d8613]\modelo_gltf.zip,gltf,8.97,1,2386,3560,1,4,2048x2048,False,0,0,,False,0,,TERRARIA_VANILLA,WEAPON,False,,BLOCKED_LICENSE,LICENSE_BLOCKED,"Author: powers28, Cat: "
c9b9d3d7f8534dc59b83d0dd501946d8,Light Sword 1,powers28,https://sketchfab.com/3d-models/light-sword-1-c9b9d3d7f8534dc59b83d0dd501946d8,Free Standard,False,BLOCKED_PLATFORM_LICENSE,False,False,C:\model 3d\_processed\c9b9d3d7f8534dc59b83d0dd501946d8\source,C:\model 3d\_REVISAR_LICENCA\Armas\Light Sword 1 [c9b9d3d7]\modelo_gltf.zip,gltf,0.43,1,150,84,1,4,1024x1024,False,0,0,,False,0,,TERRARIA_VANILLA,WEAPON,False,,BLOCKED_LICENSE,LICENSE_BLOCKED,"Author: powers28, Cat: "
8e875b5890a940d790c5a8b3bdd0b117,Nights Edge,milesfm,https://sketchfab.com/3d-models/nights-edge-8e875b5890a940d790c5a8b3bdd0b117,CC Attribution-NonCommercial,True,BLOCKED_NONCOMMERCIAL,False,False,C:\model 3d\_processed\8e875b5890a940d790c5a8b3bdd0b117\source,C:\model 3d\_REVISAR_LICENCA\Armas\Nights Edge [8e875b58]\modelo_gltf.zip,gltf,0.01,8,3354,1932,8,0,none,False,0,0,,False,0,,TERRARIA_VANILLA,ITEM,True,terraforge_rpg:nights_edge,BLOCKED_LICENSE,LICENSE_BLOCKED,"Author: milesfm, Cat: "
679354d0d0a84bd09065212cdc5e16b5,Pixel Dailies - Yoyo,Achie72,https://sketchfab.com/3d-models/pixel-dailies-yoyo-679354d0d0a84bd09065212cdc5e16b5,CC Attribution-NonCommercial-ShareAlike,True,BLOCKED_NONCOMMERCIAL,False,True,C:\model 3d\_processed\679354d0d0a84bd09065212cdc5e16b5\source,C:\model 3d\_REVISAR_LICENCA\Armas\Pixel Dailies - Yoyo [679354d0]\modelo_gltf.zip,gltf,0.0,5,600,416,5,0,none,False,0,0,,False,0,,TERRARIA_VANILLA,WEAPON,False,,BLOCKED_LICENSE,LICENSE_BLOCKED,"Author: Achie72, Cat: "
615b4487018f475890599eaa4da252fc,Terrablade,Stoinercraft,https://sketchfab.com/3d-models/terrablade-615b4487018f475890599eaa4da252fc,CC Attribution-NonCommercial,True,BLOCKED_NONCOMMERCIAL,False,False,C:\model 3d\_processed\615b4487018f475890599eaa4da252fc\source,C:\model 3d\_REVISAR_LICENCA\Armas\Terrablade [615b4487]\modelo_gltf.zip,gltf,1.49,3,65974,131712,1,0,none,False,0,0,,False,0,,TERRARIA_VANILLA,WEAPON,True,terraforge_rpg:terra_blade,BLOCKED_LICENSE,LICENSE_BLOCKED,"Author: Stoinercraft, Cat: "
47ed1a12f4144a57b168e857c374a56f,Demon Eye (Eye of Cthulhu),MaxWatchFabs,https://sketchfab.com/3d-models/demon-eye-eye-of-cthulhu-47ed1a12f4144a57b168e857c374a56f,CC Attribution-NonCommercial-ShareAlike,True,BLOCKED_NONCOMMERCIAL,False,True,C:\model 3d\_processed\47ed1a12f4144a57b168e857c374a56f\source,C:\model 3d\_REVISAR_LICENCA\Bosses e Inimigos\Demon Eye (Eye of Cthulhu) [47ed1a12]\modelo_gltf.zip,gltf,0.26,3,3622,5916,3,1,1024x1024,False,0,0,,False,0,,TERRARIA_VANILLA,BOSS,True,terraforge_rpg:eye_of_cthulhu,BLOCKED_LICENSE,LICENSE_BLOCKED,"Author: MaxWatchFabs, Cat: "
a7f1a20e86864e68b1cbcd5fdd2f0775,dragon of rebirth,dalerirgasev99,https://sketchfab.com/3d-models/dragon-of-rebirth-a7f1a20e86864e68b1cbcd5fdd2f0775,CC Attribution-ShareAlike,True,COMMERCIAL_OK_SHAREALIKE,True,True,C:\model 3d\_processed\a7f1a20e86864e68b1cbcd5fdd2f0775\source,C:\model 3d\_REVISAR_LICENCA\Bosses e Inimigos\dragon of rebirth [a7f1a20e]\modelo_gltf.zip,gltf,9.68,1,16870,20087,1,3,2048x2048,False,0,0,,False,0,,TERRARIA_VANILLA,ITEM,False,,PRIMARY,COMMERCIAL_OK,"Author: dalerirgasev99, Cat: "
f82715f7baa34c6cb5dd4d34264380c9,Skeletron prime,AhmedMahmoudmetwally100,https://sketchfab.com/3d-models/skeletron-prime-f82715f7baa34c6cb5dd4d34264380c9,Free Standard,False,BLOCKED_PLATFORM_LICENSE,False,False,C:\model 3d\_processed\f82715f7baa34c6cb5dd4d34264380c9\source,C:\model 3d\_REVISAR_LICENCA\Bosses e Inimigos\Skeletron prime [f82715f7]\modelo_gltf.zip,gltf,1.99,2,75273,134066,1,0,none,False,0,0,,False,0,,TERRARIA_VANILLA,BOSS,True,terraforge_rpg:skeletron_prime,BLOCKED_LICENSE,LICENSE_BLOCKED,"Author: AhmedMahmoudmetwally100, Cat: "
f626969a27114dcd88333e3ebb21c1c3,terraria slime v1,AhmedMahmoudmetwally100,https://sketchfab.com/3d-models/terraria-slime-v1-f626969a27114dcd88333e3ebb21c1c3,Free Standard,False,BLOCKED_PLATFORM_LICENSE,False,False,C:\model 3d\_processed\f626969a27114dcd88333e3ebb21c1c3\source,C:\model 3d\_REVISAR_LICENCA\Bosses e Inimigos\terraria slime v1 [f626969a]\modelo_gltf.zip,gltf,0.64,1,26145,52056,1,0,none,False,0,0,,False,0,,TERRARIA_VANILLA,MOB,True,terraforge_rpg:green_slime,BLOCKED_LICENSE,LICENSE_BLOCKED,"Author: AhmedMahmoudmetwally100, Cat: "
156ad9953fee48ad902ecc7dbd0b029e,The Devourer of Gods,Just Shmel,https://sketchfab.com/3d-models/the-devourer-of-gods-156ad9953fee48ad902ecc7dbd0b029e,Free Standard,False,BLOCKED_PLATFORM_LICENSE,False,False,C:\model 3d\_processed\156ad9953fee48ad902ecc7dbd0b029e\source,C:\model 3d\_REVISAR_LICENCA\Bosses e Inimigos\The Devourer of Gods [156ad995]\modelo_gltf.zip,gltf,50.17,26,1186180,1971454,8,1,1024x1024,False,0,0,,False,0,,CALAMITY,BOSS,False,,BLOCKED_LICENSE,LICENSE_BLOCKED,"Author: Just Shmel, Cat: "
d12eeacb24e442e9ae962011bb47b595,Zenith,Varntex,https://sketchfab.com/3d-models/zenith-d12eeacb24e442e9ae962011bb47b595,CC Attribution-NonCommercial-NoDerivs,True,BLOCKED_NONCOMMERCIAL,False,False,C:\model 3d\_processed\d12eeacb24e442e9ae962011bb47b595\source,C:\model 3d\_REVISAR_LICENCA\Materiais\Zenith [d12eeacb]\modelo_gltf.zip,gltf,26.92,2,6834,6520,2,7,4096x4096,False,0,0,,False,0,,TERRARIA_VANILLA,WEAPON,True,terraforge_rpg:zenith,BLOCKED_LICENSE,LICENSE_BLOCKED,"Author: Varntex, Cat: "
6cadd2329edd4cb2a00e5bfbe70e377e,Draedon (Terraria),WeSVa,https://sketchfab.com/3d-models/draedon-terraria-6cadd2329edd4cb2a00e5bfbe70e377e,Free Standard,False,BLOCKED_PLATFORM_LICENSE,False,False,C:\model 3d\_processed\6cadd2329edd4cb2a00e5bfbe70e377e\source,C:\model 3d\_REVISAR_LICENCA\Objetos e Outros\Draedon (Terraria) [6cadd232]\modelo_gltf.zip,gltf,28.33,9,160677,280160,1,4,4096x4096,False,0,0,,False,0,,CALAMITY,BOSS,False,,BLOCKED_LICENSE,LICENSE_BLOCKED,"Author: WeSVa, Cat: "
