source_id,source_name,internal_id,category,subcategory,progression_stage,pre_hardmode_or_hardmode,biome,event,boss_requirement,base_damage,defense,health,mana_cost,critical_chance,critical_multiplier,knockback,velocity,use_time,rarity,value,ammo_type,projectile,buff,debuff,duration,recipe,crafting_station,ingredients,drop_source,drop_chance,difficulty_dependency,expert_behavior,master_behavior,model_status,animation_status,texture_status,sound_status,code_status,test_status,notes
3507,Copper Shortsword,copper_shortsword,weapon,melee,starter,pre_hardmode,any,none,none,5,0,0,0,4,2.0,4.0,0.0,13,white,100,none,none,none,none,0,true,iron_anvil,copper_bar:7,none,0,false,none,none,SYSTEM_READY,SYSTEM_READY,SYSTEM_READY,SYSTEM_READY,PLANNED,PLANNED,Canonical starter melee weapon
39,Wooden Bow,wooden_bow,weapon,ranged,starter,pre_hardmode,surface,none,none,4,0,0,0,4,2.0,0.0,6.6,19,white,20,wooden_arrow,arrow,none,none,0,true,work_bench,wood:10,none,0,false,none,none,SYSTEM_READY,SYSTEM_READY,SYSTEM_READY,SYSTEM_READY,PLANNED,PLANNED,Canonical starter ranged weapon
112,Wand of Sparking,wand_of_sparking,weapon,magic,early_pre_hardmode,pre_hardmode,surface,none,none,14,0,0,2,4,2.0,1.0,7.0,26,white,10000,mana,spark,none,on_fire,180,false,none,none,surface_chest,0.33,false,none,none,SYSTEM_READY,SYSTEM_READY,SYSTEM_READY,SYSTEM_READY,PLANNED,PLANNED,Early magical wand
1309,Slime Staff,slime_staff,weapon,summon,early_pre_hardmode,pre_hardmode,any,none,none,6,0,0,10,4,2.0,2.0,0.0,20,white,20000,summon_slot,baby_slime,baby_slime,none,0,false,none,none,slime,0.0001,false,none,none,SYSTEM_READY,SYSTEM_READY,SYSTEM_READY,SYSTEM_READY,PLANNED,PLANNED,Early summon minion weapon
CUSTOM_01,Phoenix Wings,phoenix_wings,accessory,special,mid_pre_hardmode,pre_hardmode,any,none,none,0,0,0,0,0,0.0,0.0,0.0,0,orange,50000,none,none,creative_flight,none,0,true,anvil,feather:20;fireblossom:5;gold_bar:10,none,0,false,none,none,SYSTEM_READY,SYSTEM_READY,SYSTEM_READY,SYSTEM_READY,PLANNED,PLANNED,Original RPG Special Accessory: grants creative flight
CUSTOM_02,Thunder Fragment,thunder_fragment,accessory,special,early_pre_hardmode,pre_hardmode,any,none,none,0,0,0,0,0,0.0,0.0,0.0,0,green,30000,none,none,speed_boost_40,none,0,true,work_bench,copper_bar:8;feather:5,none,0,false,none,none,SYSTEM_READY,SYSTEM_READY,SYSTEM_READY,SYSTEM_READY,PLANNED,PLANNED,Original RPG Special Accessory: +40% move speed
CUSTOM_03,Void Heart,void_heart,accessory,special,mid_pre_hardmode,pre_hardmode,underground,none,none,0,0,0,0,0,0.0,0.0,0.0,0,light_red,40000,none,none,controlled_teleport,none,0,true,iron_anvil,shadow_scale:10;tissue_sample:10;amethyst:5,none,0,false,none,none,SYSTEM_READY,SYSTEM_READY,SYSTEM_READY,SYSTEM_READY,PLANNED,PLANNED,Original RPG Special Accessory: controlled short teleport
CUSTOM_04,Titan Core,titan_core,accessory,special,late_pre_hardmode,pre_hardmode,underworld,none,none,0,0,0,0,0,0.0,0.0,0.0,0,pink,60000,none,none,titan_might,none,0,true,hellforge,hellstone_bar:15;obsidian:20,none,0,false,none,none,SYSTEM_READY,SYSTEM_READY,SYSTEM_READY,SYSTEM_READY,PLANNED,PLANNED,Original RPG Special Accessory: physical damage and knockback immunity
CUSTOM_05,Arcane Prism,arcane_prism,accessory,special,mid_pre_hardmode,pre_hardmode,dungeon,none,skeletron,0,0,0,0,0,0.0,0.0,0.0,0,light_red,45000,none,none,arcane_mastery,none,0,true,alchemy_table,fallen_star:20;mana_crystal:5;bone:15,none,0,false,none,none,SYSTEM_READY,SYSTEM_READY,SYSTEM_READY,SYSTEM_READY,PLANNED,PLANNED,Original RPG Special Accessory: magic damage and mana regeneration
CUSTOM_06,Guardian Seal,guardian_seal,accessory,special,early_pre_hardmode,pre_hardmode,any,none,none,0,0,0,0,0,0.0,0.0,0.0,0,green,35000,none,none,guardian_defense,none,0,true,iron_anvil,iron_bar:12;silver_bar:8,none,0,false,none,none,SYSTEM_READY,SYSTEM_READY,SYSTEM_READY,SYSTEM_READY,PLANNED,PLANNED,Original RPG Special Accessory: Defense + Magic Defense boost
CUSTOM_07,Blood Crystal,blood_crystal,accessory,special,mid_pre_hardmode,pre_hardmode,crimson,none,none,0,0,0,0,0,0.0,0.0,0.0,0,orange,40000,none,none,controlled_lifesteal,none,0,true,iron_anvil,crimtane_bar:10;tissue_sample:8;ruby:5,none,0,false,none,none,SYSTEM_READY,SYSTEM_READY,SYSTEM_READY,SYSTEM_READY,PLANNED,PLANNED,Original RPG Special Accessory: controlled lifesteal
CUSTOM_08,Time Gear,time_gear,accessory,special,late_pre_hardmode,pre_hardmode,jungle,none,none,0,0,0,0,0,0.0,0.0,0.0,0,pink,55000,none,none,chronos_haste,none,0,true,anvil,cog:20;wire:10;gold_bar:10,none,0,false,none,none,SYSTEM_READY,SYSTEM_READY,SYSTEM_READY,SYSTEM_READY,PLANNED,PLANNED,Original RPG Special Accessory: weapon speed and cooldown haste
CUSTOM_09,Predator Eye,predator_eye,accessory,special,mid_pre_hardmode,pre_hardmode,corruption,none,none,0,0,0,0,0,0.0,0.0,0.0,0,orange,40000,none,none,predator_instinct,none,0,true,iron_anvil,demonite_bar:10;shadow_scale:8;topaz:5,none,0,false,none,none,SYSTEM_READY,SYSTEM_READY,SYSTEM_READY,SYSTEM_READY,PLANNED,PLANNED,Original RPG Special Accessory: crit chance and crit damage boost
CUSTOM_10,Gravity Sigil,gravity_sigil,accessory,special,late_pre_hardmode,pre_hardmode,space,none,none,0,0,0,0,0,0.0,0.0,0.0,0,light_purple,60000,none,none,gravity_mastery,none,0,true,sky_station,sunplate_block:20;cloud:30;feather:10,none,0,false,none,none,SYSTEM_READY,SYSTEM_READY,SYSTEM_READY,SYSTEM_READY,PLANNED,PLANNED,Original RPG Special Accessory: jump boost, air control and fall immunity
BOSS_01,King Slime,king_slime,entity,boss,early_pre_hardmode,pre_hardmode,surface,slime_rain,none,40,10,2000,0,0,0.0,1.0,0.0,0,blue,100000,none,none,none,none,0,false,slime_crown,none,none,1.0,true,spawns_spiked_slimes,increased_size_and_speed,SYSTEM_READY,SYSTEM_READY,SYSTEM_READY,SYSTEM_READY,PLANNED,PLANNED,First canonical boss of Terraria
BOSS_02,Eye of Cthulhu,eye_of_cthulhu,entity,boss,early_pre_hardmode,pre_hardmode,surface,night,none,15,12,2800,0,0,0.0,1.0,0.0,0,green,150000,none,servant_of_cthulhu,none,none,0,false,suspicious_looking_eye,none,none,1.0,true,rapid_dash_chain,shadow_dash,SYSTEM_READY,SYSTEM_READY,SYSTEM_READY,SYSTEM_READY,PLANNED,PLANNED,Canonical night boss with phase 2 transformation
